TestId,ESVId,sequence,Kingdom,Phylum,Class,Order,Family,Genus,Species,% match,# species,S090078.1,S090077.1,S090075.1,S090074.1,S090068.1,S090067.1,S090065.1,S088693.1,S088692.1,S088690.1,S088682.1,S088680.1,S088679.1,S088678.1,S088676.1,S088674.1,S088673.1,S088672.1,S088671.1,S088670.1,S088668.1,S088667.1,S088666.1,S088663.1,S088661.1,S088660.1,S088656.1,S088654.1,S088649.1,S088648.1,S088646.1,S088644.1,S088643.1,S088641.1,S088639.1,S088636.1,S088632.1,S088630.1,S088629.1,S088628.1,S088626.1,S088624.1,S088622.1,S088613.1,S088611.1,S088608.1,S088606.1,S088602.1,S088677.0,S088686.0,S088688.0,S088681.0,S088685.0,S088683.0,S088675.0,S088669.0,S090082.0,S088689.0,S090080.0,S090070.0,S090076.0,S090084.0,S090083.0,S090085.0,S088665.0,S088662.0,S088659.0,S088658.0,S088657.0,S088655.0,S088653.0,S088652.0,S090081.0,S090066.0,S090072.0,S090071.0,S088687.0,S090069.0,S090073.0,S088691.0,S090064.0,S088684.0,S088637.0,S088635.0,S088634.0,S088633.0,S088631.0,S088627.0,S088625.0,S088623.0,S088620.0,S088619.0,S088618.0,S088617.0,S088616.0,S090079.0,S088651.0,S088650.0,S088647.0,S088664.0,S088642.0,S088638.0,S088645.0,S088640.0,S088607.0,S088605.0,S088604.0,S088603.0,S088601.0,S088614.0,S088612.0,S088615.0,S088610.0,S088609.0,S088621.0,
ArthCOI,ESV_069244,AATATGATCAGGAATAATTGGATTATCTATAAGTATATTAATTCGTATAGAATTGGGAATACCAGGATCCATTATTGGAAATGATCAAATTTATAATACTATTGTAACTGCTCATGCATTTGTAATAATTTTTTTTATAGTTATACCTATTATAATT,Eukaryota,Arthropoda,Insecta,Phasmatodea,Diapheromeridae,,,100,1,0,0,0,0,0,0,0,0,0,0,271,0,0,0,0,0,0,0,0,0,0,0,0,0,0,0,0,0,0,1312,0,0,0,0,202,0,0,0,0,24186,0,0,0,0,0,0,0,217,0,0,0,0,0,0,0,0,0,0,0,0,0,0,0,0,0,0,0,0,0,0,0,0,0,0,0,0,0,0,0,0,0,0,0,0,0,0,0,0,0,0,0,0,0,0,0,0,0,0,0,0,0,0,0,0,0,0,0,0,0,0,0,0,0,0,0
ArthCOI,ESV_069243,AATATGATCAGGAATAATTGGATTATCAATAAGTATATTAATTCGAATAGAATTAGGAATACCAGGGTCCATTATTGGAAATGATCAAATTTATAACACAATTGTAACTGCCCATGCATTCGTAATAATTTTTTTTATAGTTATACCTATTATAATT,Eukaryota,Arthropoda,Insecta,Phasmatodea,Heteronemiidae,,,97.5,1,7838,0,0,7604,0,2553,0,0,0,0,0,0,0,0,0,0,0,0,0,0,0,0,0,0,0,0,0,0,0,0,0,0,0,0,0,0,0,0,0,0,0,0,59,0,0,0,0,996,0,0,0,0,0,0,0,0,0,0,0,0,0,0,0,0,0,0,0,0,0,0,0,0,0,0,0,0,0,0,0,0,0,0,0,0,0,0,0,0,0,0,0,0,0,0,0,0,0,0,0,0,0,0,0,0,0,0,0,0,0,0,0,0,0,0,0
ArthCOI,ESV_069334,TATTTGATCAGGAATAGTAGGAACCTCTTTAAGATTATTAATTCGAGCTGAATTAGGAAATCCTGGATCTTTAATCGGAGATGATCAAATTTATAATACAATTGTAACTGCACATGCTTTTATTATAATTTTCTTTATAGTAATACCAATCATAATT,Eukaryota,Arthropoda,Insecta,Lepidoptera,Acrolophidae,Acrolophus,Acrolophus mortipennella,100,1,0,0,0,0,0,0,0,0,0,0,0,0,0,0,0,0,18193,0,0,0,0,0,0,0,0,0,0,0,0,0,0,0,0,0,0,0,0,0,0,0,0,0,0,0,0,0,0,0,0,0,0,0,0,0,0,0,0,0,0,0,0,0,0,0,0,0,0,0,0,0,0,0,0,0,0,0,0,0,0,0,0,0,0,0,0,0,0,0,0,0,0,0,0,0,0,0,0,0,0,0,0,0,0,0,0,0,0,0,0,0,0,0,0,0,0
ArthCOI,ESV_005650,TATTTGAGCTGGAATAGTGGGAACTTCTTTAAGATTATTAATTCGAGCTGAATTAGGTAACCCAGGGTCTTTAATTGGAGACGATCAAATTTATAATACTATTGTAACAGCACATGCTTTTATTATAATTTTTTTTATAGTTATACCTATTATAATT,Eukaryota,Arthropoda,Insecta,Lepidoptera,Noctuidae,Peridroma,Peridroma saucia,100,1,0,0,0,0,0,0,0,0,0,0,0,0,0,0,0,0,0,0,0,0,0,14665,0,0,0,0,0,0,0,0,0,0,0,0,0,0,0,0,0,0,0,0,0,0,0,0,0,0,0,0,0,0,0,0,0,0,0,0,0,0,0,0,0,0,0,0,0,0,0,0,0,0,0,0,0,0,0,0,0,0,0,0,0,0,0,0,0,0,0,0,0,0,0,0,0,0,0,0,0,0,0,0,0,0,0,0,0,0,0,0,0,0,0,0,0
ArthCOI,ESV_069257,AATTTGAGCAGGAATAGTAGGAACTTCTCTTAGTTTATTAATTCGATCTGAATTAGGAAATCCAGGTTCATTAATTGGAGATGATCAAATTTATAATACTATTGTTACAGCTCATGCTTTTATTATAATTTTTTTTATAGTTATACCTATTATAATT,Eukaryota,Arthropoda,Insecta,Lepidoptera,Nymphalidae,Asterocampa,Asterocampa celtis,100,1,0,0,185,33,6934,0,0,0,0,0,0,525,0,0,0,0,0,0,0,0,271,0,0,188,0,0,1861,634,0,0,0,0,0,0,0,0,0,0,0,0,0,0,31,0,0,0,0,0,0,0,0,0,0,0,0,0,0,0,0,0,0,0,0,0,0,0,0,0,0,0,0,0,0,0,0,0,0,0,0,0,0,0,0,0,0,0,0,0,0,0,0,0,0,0,0,0,0,0,0,0,0,0,0,0,0,0,0,0,0,0,0,0,0,0,0
ArthCOI,ESV_067335,AGCTTGATCAGCTATAGTTGGAACCGCTATAAGAGTATTAATTCGTATAGAATTAGGACAGACTGGTTCATTTTTAGGAAATGATCATATGTATAATGTAATTGTAACTGCACATGCTTTTGTTATAATTTTTTTTATAGTAATACCGATTTTAATT,Eukaryota,Arthropoda,Arachnida,Araneae,Salticidae,Pelegrina,,100,2,0,0,0,0,0,0,0,0,0,0,0,0,0,0,0,0,0,0,0,0,0,0,0,0,0,0,0,6413,0,0,0,0,0,0,0,0,0,0,745,0,0,0,0,0,0,0,0,0,0,0,0,0,0,0,0,0,0,0,0,0,0,0,0,0,0,0,0,0,0,0,0,0,0,0,0,0,0,0,0,0,0,0,0,0,0,0,0,0,0,0,0,0,0,0,0,0,0,0,0,0,0,0,0,0,0,0,0,0,0,0,0,0,0,0,0
ArthCOI,ESV_069384,TATTTGATCTGGTATAGTAGGTACTTCCTTAAGTTTATTAATTCGAGCAGAATTAGGTAATCCGGGATCTTTAATTGGAGATGATCAAATTTATAATACTATTGTTACTAGTCACGCTTTTATTATAATTTTTTTCATAGTTATACCAATTATAATT,Eukaryota,Arthropoda,Insecta,Lepidoptera,Pyralidae,Macalla,Macalla zelleri,100,1,0,0,0,3531,0,0,0,0,0,0,0,0,0,0,0,0,0,0,0,0,0,0,0,0,0,0,0,0,0,0,0,0,0,0,0,0,0,0,0,0,0,0,0,0,0,0,0,0,0,0,0,0,0,0,0,0,0,0,0,0,0,0,0,0,0,0,0,0,0,0,0,0,0,0,0,0,0,0,0,0,0,0,0,0,0,0,0,0,0,0,0,0,0,0,0,0,0,0,0,0,0,0,0,0,0,0,0,0,0,0,0,0,0,0,0
ArthCOI,ESV_069369,AATATGATCAGGAATAATTGGATTATCAATAAGTATATTAATTCGAATAGAATTAGGGATACCAGGGTCCATTATTGGAAATGATCAAATTTATAACACAATTGTAACTGCCCATGCATTCGTAATAATTTTTTTTATAGTTATACCTATTATAATT,Eukaryota,Arthropoda,Insecta,Phasmatodea,Heteronemiidae,,,96.8,1,2860,0,0,0,0,0,546,0,0,0,0,0,0,0,0,0,0,0,0,0,0,0,0,0,0,0,0,0,0,0,0,0,0,0,0,0,0,0,0,0,0,0,0,0,0,0,0,0,0,0,0,0,0,0,0,0,0,0,0,0,0,0,0,0,0,0,0,0,0,0,0,0,0,0,0,0,0,0,0,0,0,0,0,0,0,0,0,0,0,0,0,0,0,0,0,0,0,0,0,0,0,0,0,0,0,0,0,0,0,0,0,0,0,0,0
ArthCOI,ESV_062184,AGTTTGATCAGCTATGGTTGGTACAGCTATAAGTGTTTTAATTCGTATAGAATTAGGTCGTCCTGGAAGATTTTTAGGTGATGATCATTTATATAATGTAATAGTAACTGCTCATGCTTTTGTAATAATTTTTTTTATAGTTATGCCAATTTTAATT,Eukaryota,Arthropoda,Arachnida,Araneae,Oxyopidae,Peucetia,Peucetia viridans,100,1,0,0,0,0,0,0,0,0,0,0,0,0,0,0,0,0,0,0,0,0,0,0,0,0,0,0,0,3349,0,0,0,0,0,0,0,0,0,0,0,0,0,0,0,0,0,0,0,0,0,0,0,0,0,0,0,0,0,0,0,0,0,0,0,0,0,0,0,0,0,0,0,0,0,0,0,0,0,0,0,0,0,0,0,0,0,0,0,0,0,0,0,0,0,0,0,0,0,0,0,0,0,0,0,0,0,0,0,0,0,0,0,0,0,0,0
ArthCOI,ESV_069351,ATTCTGATCAGGCATACTAGGTTTATCATTTAGTATATTAATTCGAATAGAATTAGGAATACCAGGATCCCTAATTGGAAGGGACCAAATTTATAATGTCATTGTTACATCCCATGCATTTTTAATAATTTTTTTCATAGTAATACCAATTATAATT,Eukaryota,Arthropoda,Insecta,Hymenoptera,Tenthredinidae,Monophadnoides,Monophadnoides geniculatus,94.9,1,0,0,0,0,0,0,0,0,0,0,0,0,0,0,3330,0,0,0,0,0,0,0,0,0,0,0,0,0,0,0,0,0,0,0,0,0,0,0,0,0,0,0,0,0,0,0,0,0,0,0,0,0,0,0,0,0,0,0,0,0,0,0,0,0,0,0,0,0,0,0,0,0,0,0,0,0,0,0,0,0,0,0,0,0,0,0,0,0,0,0,0,0,0,0,0,0,0,0,0,0,0,0,0,0,0,0,0,0,0,0,0,0,0,0,0
ArthCOI,ESV_069262,TGCTTGAGCTGCAATAGTTGGTACTGCAATGAGTGTATTAATTCGAATAGAATTAGGTCAGACTGGTTCATTTATAGGAAATGATCATATATATAATGTGATTGTAACTGCTCATGCTTTTGTTATGATTTTTTTTATAGTAATACCTATTATGATT,Eukaryota,Arthropoda,Arachnida,Araneae,Salticidae,Phidippus,,96.2,4,0,0,0,0,0,0,0,0,0,0,0,0,0,0,0,0,0,0,0,0,0,0,0,0,0,0,0,0,0,0,0,0,0,0,0,0,0,0,0,2981,0,0,0,0,0,0,0,0,0,0,0,0,0,0,0,0,0,0,0,0,0,0,0,0,0,0,0,0,0,0,0,0,0,0,0,0,0,0,0,0,0,0,0,0,0,0,0,0,0,0,0,0,0,0,0,0,0,0,0,0,0,0,0,0,0,0,0,0,0,0,0,0,0,0,0
ArthCOI,ESV_069385,AATATGATCAGGAATAATTGGATTATCAATAAGTATATTAATTCGAATAGAATTAGGAATACCAGGGTCCATTATTGGAAATGATCAAATTTATAACACAATTGTAACTGCCCATGCATTCGTAATAATTTTTTTTATAGTTATACCCATTATAATT,Eukaryota,Arthropoda,Insecta,Phasmatodea,Heteronemiidae,,,96.8,1,0,0,0,2283,0,0,0,0,0,0,0,0,0,0,0,0,0,0,0,0,0,0,0,0,0,0,0,0,0,0,0,0,0,0,0,0,0,0,0,0,0,0,0,0,0,0,0,0,0,0,0,0,0,0,0,0,0,0,0,0,0,0,0,0,0,0,0,0,0,0,0,0,0,0,0,0,0,0,0,0,0,0,0,0,0,0,0,0,0,0,0,0,0,0,0,0,0,0,0,0,0,0,0,0,0,0,0,0,0,0,0,0,0,0,0
ArthCOI,ESV_059460,TATTTGATCTGGTATAATTGGGACTACTTTGAGATTATTAATTCGTATTGAATTAGGTAATCCAGGGTCATTTATTGGTGATGATCAAATTTATAATGTAGTTGTTACAGCTCACGCATTTATTATAATTTTTTTTATGGTTATACCAATTATAATT,Eukaryota,Arthropoda,Insecta,Hemiptera,Aphrophoridae,Lepyronia,,100,2,0,0,0,0,0,0,0,0,0,0,0,0,0,0,0,0,0,0,0,0,0,0,1967,0,0,0,0,0,0,0,0,0,0,0,0,0,0,0,0,0,0,0,0,0,0,0,0,0,0,0,0,0,0,0,0,0,0,0,0,0,0,0,0,0,0,0,0,0,0,0,0,0,0,0,0,0,0,0,0,0,0,0,0,0,0,0,0,0,0,0,0,0,0,0,0,0,0,0,0,0,0,0,0,0,0,0,0,0,0,0,0,0,0,0,0
ArthCOI,ESV_040640,AGCATGAGCAGGTATAGTTGGTACATCTTTAAGTTTACTGATTCGAGCTGAGCTAGGGCAACCAGGTTACTTAATTGGAGATGACCAAATTTATAATGTAATTGTTACTGCTCATGCTTTTGTAATAATTTTCTTTATAGTAATACCTATTATAATT,Eukaryota,Arthropoda,Insecta,,,,,91.1,6,0,0,0,0,0,0,0,0,0,0,0,0,0,25,0,0,0,0,0,0,0,0,0,0,0,0,0,0,0,0,0,0,0,0,0,0,0,0,0,1479,0,0,0,0,0,0,0,0,0,0,0,0,0,0,0,0,0,0,0,0,0,0,0,0,0,0,0,0,0,0,0,0,0,0,0,0,0,0,0,0,0,0,0,0,0,0,0,0,0,0,0,0,0,0,0,0,0,0,0,0,0,0,0,0,0,0,0,0,0,0,0,0,0,0,0
ArthCOI,ESV_069386,TATTTGATCTGGTATAGTAGGTACTTCCTTAAGTTTATTAATTCGAGCAGAATTAGGTAATCCAGGATCTTTAATTGGAGATGATCAAATTTATAATACTATTGTTACTAGTCACGCTTTTATTATAATTTTTTTCATAGTTATACCAATTATAATT,Eukaryota,Arthropoda,Insecta,Lepidoptera,Pyralidae,Macalla,Macalla zelleri,100,1,0,0,0,1414,0,0,0,0,0,0,0,0,0,0,0,0,0,0,0,0,0,0,0,0,0,0,0,0,0,0,0,0,0,0,0,0,0,0,0,0,0,0,0,0,0,0,0,0,0,0,0,0,0,0,0,0,0,0,0,0,0,0,0,0,0,0,0,0,0,0,0,0,0,0,0,0,0,0,0,0,0,0,0,0,0,0,0,0,0,0,0,0,0,0,0,0,0,0,0,0,0,0,0,0,0,0,0,0,0,0,0,0,0,0,0
ArthCOI,ESV_069301,AGCTTGGTCAGCTATAGTGGGGACTGCTATAAGAGTTTTGATTCGAACGGAGTTAGGATTTTCTGGAGGTTTTATGAGAGATGATCATTTATATAATGTAATTGTTACTGCTCATGCTTTTGTTATGATTTTTTTTATAGTTATACCAATTTTGATT,Eukaryota,Arthropoda,Arachnida,Araneae,Uloboridae,Uloborus,Uloborus glomosus,97.5,1,0,0,0,0,0,0,0,0,0,0,0,0,0,0,0,0,0,0,0,0,0,0,0,0,0,1295,0,0,0,0,0,0,0,0,0,0,0,0,0,0,0,0,0,0,0,0,0,0,0,0,0,0,0,0,0,0,0,0,0,0,0,0,0,0,0,0,0,0,0,0,0,0,0,0,0,0,0,0,0,0,0,0,0,0,0,0,0,0,0,0,0,0,0,0,0,0,0,0,0,0,0,0,0,0,0,0,0,0,0,0,0,0,0,0,0
ArthCOI,ESV_010947,TATTTGAGCAGGAATAGTAGGAACTTCTTTAAGTTTGTTAATTCGAGCTGAATTAGGAAACCCTGGATCATTAATTGGTGATGATCAAATTTATAATACTATTGTTACAGCTCATGCTTTTATTATAATTTTTTTTATAGTTATACCTATTATAATT,Eukaryota,Arthropoda,Insecta,Lepidoptera,Erebidae,Melipotis,Melipotis indomita,100,1,0,0,0,0,0,0,0,0,0,94,68,0,0,0,0,0,0,0,0,0,0,0,0,0,110,871,0,0,0,0,0,0,0,0,71,0,0,16,0,0,0,0,0,0,0,0,0,0,0,0,0,0,0,0,0,0,0,0,0,0,0,0,0,0,0,0,0,0,0,0,0,0,0,0,0,0,0,0,0,0,0,0,0,0,0,0,0,0,0,0,0,0,0,0,0,0,0,0,0,0,0,0,0,0,0,0,0,0,0,0,0,0,0,0,0
ArthCOI,ESV_069302,AATTTGAGCAGGAATAGTAGGAACATCTTTAAGTTTATTAATTCGAGCTGAATTAGGGACCCCTGGAACTTTAATTGGAGATGATCAAATTTATAATACTATTGTAACAGCTCATGCTTTTATTATAATTTTTTTTATAGTTATACCTATTATAATT,Eukaryota,Arthropoda,Insecta,Lepidoptera,Notodontidae,Lochmaeus,Lochmaeus bilineata,100,1,0,0,0,0,0,0,0,0,0,0,0,0,0,0,0,0,0,0,0,0,0,0,0,0,0,1026,0,0,0,0,0,0,0,0,0,0,0,0,0,0,0,0,0,0,0,0,0,0,0,0,0,0,0,0,0,0,0,0,0,0,0,0,0,0,0,0,0,0,0,0,0,0,0,0,0,0,0,0,0,0,0,0,0,0,0,0,0,0,0,0,0,0,0,0,0,0,0,0,0,0,0,0,0,0,0,0,0,0,0,0,0,0,0,0,0
ArthCOI,ESV_029419,TATTTGAGCAGGAATAGTAGGAACTTCTTTAAGTTTGTTAATTCGAGCTGAATTAGGAAATCCTGGATCATTAATTGGTGATGATCAAATTTATAATACTATTGTTACAGCTCATGCTTTTATTATAATTTTTTTTATAGTTATACCTATTATAATT,Eukaryota,Arthropoda,Insecta,Lepidoptera,Erebidae,Melipotis,,100,2,0,0,0,0,0,0,0,0,0,62,105,0,0,0,0,0,0,0,0,0,0,0,0,0,798,0,0,0,0,0,41,0,0,0,0,0,0,0,0,0,0,0,0,0,0,0,0,0,0,0,0,0,0,0,0,0,0,0,0,0,0,0,0,0,0,0,0,0,0,0,0,0,0,0,0,0,0,0,0,0,0,0,0,0,0,0,0,0,0,0,0,0,0,0,0,0,0,0,0,0,0,0,0,0,0,0,0,0,0,0,0,0,0,0,0
ArthCOI,ESV_005648,AATTTGAGCAGGAATAGTAGGAACTTCTTTAAGATTATTAATTCGTGCAGAATTAGGAACTCCCGGATCATTAATTGGTGATGATCAAATTTATAATACTATTGTCACAGCTCACGCTTTCATTATAATTTTTTTTATAGTTATACCTATTATAATT,Eukaryota,Arthropoda,Insecta,Lepidoptera,Erebidae,Hypena,Hypena scabra,100,1,0,0,0,0,0,0,0,0,0,0,476,246,0,0,0,0,0,73,0,0,0,0,0,0,0,0,0,0,188,0,0,0,0,0,0,0,0,0,0,0,0,0,0,0,0,0,0,0,0,0,0,0,0,0,0,0,0,0,0,0,0,0,0,0,0,0,0,0,0,0,0,0,0,0,0,0,0,0,0,0,0,0,0,0,0,0,0,0,0,0,0,0,0,0,0,0,0,0,0,0,0,0,0,0,0,0,0,0,0,0,0,0,0,0,0
ArthCOI,ESV_010959,TATTTGAGCAGGAATAGTAGGAACTTCTTTAAGTTTATTAATTCGAGCTGAATTAGGAAACCCTGGATCATTAATTGGTGATGATCAAATTTATAATACTATTGTTACAGCTCATGCTTTTATTATAATTTTTTTTATAGTTATACCTATTATAATT,Eukaryota,Arthropoda,Insecta,Lepidoptera,Erebidae,Melipotis,Melipotis indomita,100,1,0,0,0,0,0,0,0,0,75,0,46,0,0,0,0,0,0,0,0,0,0,0,0,0,774,0,0,0,0,0,0,0,0,0,47,0,0,0,0,0,0,0,0,0,0,0,0,0,0,0,0,0,0,0,0,0,0,0,0,0,0,0,0,0,0,0,0,0,0,0,0,0,0,0,0,0,0,0,0,0,0,0,0,0,0,0,0,0,0,0,0,0,0,0,0,0,0,0,0,0,0,0,0,0,0,0,0,0,0,0,0,0,0,0,0
ArthCOI,ESV_049926,AGCTTGATCAGCTATAGCTGGTACAGCAATAAGAGTTTTGATTCGAATGGAGTTAGGTCAAGTTGGATCTTTTTTAGGAGATGATCAATTATATAATGTTGTAGTAACTGCTCATGCTTTTGTTATAATTTTTTTTATAGTAATACCAATTTTAATT,Eukaryota,Arthropoda,Arachnida,Araneae,Cheiracanthiidae,Cheiracanthium,Cheiracanthium sp. BOLD:ABA9049,98.7,1,0,0,0,0,0,0,0,0,0,0,0,0,0,0,0,0,0,0,0,0,0,0,0,0,0,0,0,0,0,0,0,0,0,0,0,0,0,0,0,542,0,0,0,0,240,0,0,0,0,0,0,0,0,0,0,0,0,0,0,0,0,0,0,0,0,0,0,0,0,0,0,0,0,0,0,0,0,0,0,0,0,0,0,0,0,0,0,0,0,0,0,0,0,0,0,0,0,0,0,0,0,0,0,0,0,0,0,0,0,0,0,0,0,0,0
ArthCOI,ESV_069275,AGCTTGATCAGCTATAGTTGGAACCGCTATAAGAGTATTAATTCGCATAGAATTAGGACAGACTGGTTCATTTTTAGGAAATGATCATATGTATAATGTAATTGTAACTGCACATGCTTTTGTTATAATTTTTTTTATAGTAATACCGATTTTAATT,Eukaryota,Arthropoda,Arachnida,Araneae,Salticidae,Pelegrina,,99.4,2,0,0,0,0,0,0,0,0,0,0,0,0,0,0,0,0,0,0,0,0,0,0,0,0,0,0,0,0,0,0,0,0,0,0,0,0,0,0,778,0,0,0,0,0,0,0,0,0,0,0,0,0,0,0,0,0,0,0,0,0,0,0,0,0,0,0,0,0,0,0,0,0,0,0,0,0,0,0,0,0,0,0,0,0,0,0,0,0,0,0,0,0,0,0,0,0,0,0,0,0,0,0,0,0,0,0,0,0,0,0,0,0,0,0,0
ArthCOI,ESV_069285,GTTATGGGCAGGAATGTTAGGAACTTCAATAAGATGAATTATTCGAATTGAATTAAGACAACCTGGGCCATTCATTGGAAACGATCAAATTTATAATGTAATTGTAACCGCTCACGCTTTCATTATAATTTTTTTTATAGTTATACCCATTATAATT,Eukaryota,Arthropoda,Insecta,Hemiptera,Tingidae,Corythucha,,94.9,2,0,0,0,0,0,0,0,0,0,0,0,0,0,0,63,0,0,0,0,0,0,0,0,0,0,0,0,681,0,0,0,0,0,0,0,0,0,0,0,0,0,0,0,0,0,0,0,0,0,0,0,0,0,0,0,0,0,0,0,0,0,0,0,0,0,0,0,0,0,0,0,0,0,0,0,0,0,0,0,0,0,0,0,0,0,0,0,0,0,0,0,0,0,0,0,0,0,0,0,0,0,0,0,0,0,0,0,0,0,0,0,0,0,0,0
ArthCOI,ESV_069360,AATTTGAGCAGGAATAGTAGGAACTTCTTTAAGATTATTAATTCGTGCAGAATTAGGAACTCCCGGATCATTAATTGGTGATGATCAAATTTATAATACTATTGTCACAGCTCATGCTTTCATTATAATTTTTTTTATAGTTATACCTATTATAATT,Eukaryota,Arthropoda,Insecta,Lepidoptera,Erebidae,Hypena,Hypena scabra,99.4,1,0,0,0,0,0,0,0,0,0,0,583,0,0,0,0,0,0,0,0,0,0,0,0,0,0,0,0,0,0,0,0,0,0,0,0,0,0,0,0,0,0,0,0,0,0,0,0,0,0,0,0,0,0,0,0,0,0,0,0,0,0,0,0,0,0,0,0,0,0,0,0,0,0,0,0,0,0,0,0,0,0,0,0,0,0,0,0,0,0,0,0,0,0,0,0,0,0,0,0,0,0,0,0,0,0,0,0,0,0,0,0,0,0,0,0
ArthCOI,ESV_055630,TATTTGATCAGGATTAGTAGGTACAAGTCTAAGTTTATTAATTCGAGCTGAATTAGGTCAACCAGGGTCTTTAATTGGTGATGATCAAATTTATAATGTAATTGTTACAGCTCATGCTTTTATTATAATTTTTTTCATAGTAATACCAATTGTTATT,Eukaryota,Arthropoda,Insecta,Neuroptera,Chrysopidae,Chrysopa,Chrysopa nigricornis,100,1,0,0,0,0,0,0,0,0,0,0,0,0,0,0,564,0,0,0,0,0,0,0,0,0,0,0,0,0,0,0,0,0,0,0,0,0,0,0,0,0,0,0,0,0,0,0,0,0,0,0,0,0,0,0,0,0,0,0,0,0,0,0,0,0,0,0,0,0,0,0,0,0,0,0,0,0,0,0,0,0,0,0,0,0,0,0,0,0,0,0,0,0,0,0,0,0,0,0,0,0,0,0,0,0,0,0,0,0,0,0,0,0,0,0,0
ArthCOI,ESV_069253,TGCTTGAGTTGCTATAGTAGGGACAGCTATAAGAGTGTTGATTCGAATTGAATTGGGACAACCAGGAAGGTTTATAGGAGATGATCAATTGTACAATGTTATTGTAACTGCTCATGCGTTTGTGATAATTTTTTTTATGGTAATACCAATTTTAATT,Eukaryota,Arthropoda,Arachnida,Araneae,,,,99.4,3,0,0,0,0,0,0,0,0,0,0,0,0,0,0,0,0,0,0,0,0,0,0,0,0,0,0,0,0,0,0,0,0,0,0,0,0,0,0,0,0,0,0,0,0,530,0,0,0,0,0,0,0,0,0,0,0,0,0,0,0,0,0,0,0,0,0,0,0,0,0,0,0,0,0,0,0,0,0,0,0,0,0,0,0,0,0,0,0,0,0,0,0,0,0,0,0,0,0,0,0,0,0,0,0,0,0,0,0,0,0,0,0,0,0,0
ArthCOI,ESV_069361,AATTTGAGCTGGTATAATTGGAACCTCATTAAGATTATTAATTCGAGCAGAATTAGGAAATCCTGGCTCTTTAATTGGAGATGATCAAATTTATAATACTATTGTAACAGCCCATGCTTTCATCATAATTTTTTTTATAGTTATACCTATTATAATT,Eukaryota,Arthropoda,Insecta,Lepidoptera,Erebidae,Plusiodonta,Plusiodonta compressipalpis,100,1,0,0,0,0,0,0,0,0,0,0,500,0,0,0,0,0,0,0,0,0,0,0,0,0,0,0,0,0,0,0,0,0,0,0,0,0,0,0,0,0,0,0,0,0,0,0,0,0,0,0,0,0,0,0,0,0,0,0,0,0,0,0,0,0,0,0,0,0,0,0,0,0,0,0,0,0,0,0,0,0,0,0,0,0,0,0,0,0,0,0,0,0,0,0,0,0,0,0,0,0,0,0,0,0,0,0,0,0,0,0,0,0,0,0,0
ArthCOI,ESV_069330,TGTGTGAGCAGGAATAATTGGAACTTCTTTAAGTTTATTAATTCGTACAGAATTAGGTAATCCTGGATCACTAATTGGAGATGATCAAATTTATAACACTATTGTTACAGCTCATGCCTTTATTATAATTTTTTTTATAGTTATGCCAATTATAATT,Eukaryota,Arthropoda,Insecta,Lepidoptera,Pieridae,Colias,,100,18,0,0,0,0,0,0,0,0,0,0,0,0,0,0,0,0,0,0,0,0,456,0,0,0,0,0,0,0,0,0,0,0,0,0,0,0,0,0,0,0,0,0,0,0,0,0,0,0,0,0,0,0,0,0,0,0,0,0,0,0,0,0,0,0,0,0,0,0,0,0,0,0,0,0,0,0,0,0,0,0,0,0,0,0,0,0,0,0,0,0,0,0,0,0,0,0,0,0,0,0,0,0,0,0,0,0,0,0,0,0,0,0,0,0,0
ArthCOI,ESV_069347,AATTTGAGCAGGTATAATTGGTACTTCTTTAAGTTTATTAATTCGAGCAGAATTAGGAAATCCTGGCTCTTTAATTGGAGATGACCAAATTTATAATACAATTGTAACTGCACATGCTTTTATTATAATTTTCTTTATAGTTATACCTATTATAATT,Eukaryota,Arthropoda,Insecta,Lepidoptera,Geometridae,Chlorochlamys,,100,3,0,0,0,0,0,0,0,0,0,0,0,0,0,0,0,347,0,0,0,0,0,0,0,0,0,0,0,0,0,0,0,0,0,0,0,0,0,0,0,0,0,0,0,0,0,0,0,0,0,0,0,0,0,0,0,0,0,0,0,0,0,0,0,0,0,0,0,0,0,0,0,0,0,0,0,0,0,0,0,0,0,0,0,0,0,0,0,0,0,0,0,0,0,0,0,0,0,0,0,0,0,0,0,0,0,0,0,0,0,0,0,0,0,0,0
ArthCOI,ESV_069281,TATTTGAGCAGGAATAGTAGGAACTTCTTTAAGTTTGTTAATTCGAGCTGAATTAGGAAACCCTGGATCATTAATTGGCGATGATCAAATTTATAATACTATTGTTACAGCTCATGCTTTTATTATAATTTTTTTTATAGTTATACCTATTATAATT,Eukaryota,Arthropoda,Insecta,Lepidoptera,Erebidae,Melipotis,,99.4,2,0,0,0,0,0,0,0,0,0,0,0,0,0,0,0,0,0,0,0,0,0,0,0,0,0,0,0,0,0,0,0,323,0,0,0,0,0,0,0,0,0,0,0,0,0,0,0,0,0,0,0,0,0,0,0,0,0,0,0,0,0,0,0,0,0,0,0,0,0,0,0,0,0,0,0,0,0,0,0,0,0,0,0,0,0,0,0,0,0,0,0,0,0,0,0,0,0,0,0,0,0,0,0,0,0,0,0,0,0,0,0,0,0,0,0
ArthCOI,ESV_069331,AATTTGGGCCGGAATAGTAGGAACATCCCTAAGAATATTAATTCGTTCTGAACTAGGAAACCCAGGAGCCTTAATTGGAAATGATCAAATTTATAATGTTATTGTAACAGCTCATGCTTTTATTATAATTTTCTTCATGGTTATACCCCTAATAATC,Eukaryota,Arthropoda,Insecta,Coleoptera,Chrysomelidae,Phaedon,Phaedon sp. BOLD:AAN6004,93,1,0,0,0,0,0,0,0,0,0,0,0,0,0,0,0,0,0,0,0,0,285,0,0,0,0,0,0,0,0,0,0,0,0,0,0,0,0,0,0,0,0,0,0,0,0,0,0,0,0,0,0,0,0,0,0,0,0,0,0,0,0,0,0,0,0,0,0,0,0,0,0,0,0,0,0,0,0,0,0,0,0,0,0,0,0,0,0,0,0,0,0,0,0,0,0,0,0,0,0,0,0,0,0,0,0,0,0,0,0,0,0,0,0,0,0
ArthCOI,ESV_003159,TGCTTTTTCTGGTGTTGTTGGTGCAACTTTGTCTATTATTATTCGGGCGCAATTAGCTACACCAAACAGTACTGTTTTAGCGGGAAATTATCAACTTTATAATGTTATTATTACTGCTCATGGTTTAATTATGATTTTTTTTATGGTAATGCCAGTATTATTA,Eukaryota,,,,,,,76.7,8,0,0,0,0,0,0,0,0,0,0,0,0,0,0,0,0,0,0,0,0,0,0,0,0,0,0,0,0,0,0,0,0,0,0,0,0,0,0,0,0,0,0,0,0,277,0,0,0,0,0,0,0,0,0,0,0,0,0,0,0,0,0,0,0,0,0,0,0,0,0,0,0,0,0,0,0,0,0,0,0,0,0,0,0,0,0,0,0,0,0,0,0,0,0,0,0,0,0,0,0,0,0,0,0,0,0,0,0,0,0,0,0,0,0,0
ArthCOI,ESV_069263,TGCTTGAGCTGCAATAGTTGGTACTGCAATGAGTGTATTAATTCGAATAGAATTAGGTCAGACTGGTTCATTTATAGGAAATGATCATATATATAATGTGATTGTAACTGCTCATGCTTTTGTTATGATTTTTTTTATAGTTATACCTATTATAATT,Eukaryota,Arthropoda,Arachnida,Araneae,Salticidae,Phidippus,Phidippus johnsoni,96.2,1,0,0,0,0,0,0,0,0,0,0,0,0,0,0,0,0,0,0,0,0,0,0,0,0,0,0,0,0,0,0,0,0,0,0,0,0,0,0,0,271,0,0,0,0,0,0,0,0,0,0,0,0,0,0,0,0,0,0,0,0,0,0,0,0,0,0,0,0,0,0,0,0,0,0,0,0,0,0,0,0,0,0,0,0,0,0,0,0,0,0,0,0,0,0,0,0,0,0,0,0,0,0,0,0,0,0,0,0,0,0,0,0,0,0,0
ArthCOI,ESV_069264,TGCTTGAGCTGCAATAGTTGGTACTGCAATGAGTGTATTAATTCGAATAGAATTAGGTCAGACTGGTTCATTTATAGGAAATGATCATATATATAATGTGATTGTAACTGCTCATGCTTTTGTTATGATTTTTTTTATAGTAATACCTATTATAATT,Eukaryota,Arthropoda,Arachnida,Araneae,Salticidae,Phidippus,Phidippus johnsoni,96.8,1,0,0,0,0,0,0,0,0,0,0,0,0,0,0,0,0,0,0,0,0,0,0,0,0,0,0,0,0,0,0,0,0,0,0,0,0,0,0,0,223,0,0,0,0,0,0,0,0,0,0,0,0,0,0,0,0,0,0,0,0,0,0,0,0,0,0,0,0,0,0,0,0,0,0,0,0,0,0,0,0,0,0,0,0,0,0,0,0,0,0,0,0,0,0,0,0,0,0,0,0,0,0,0,0,0,0,0,0,0,0,0,0,0,0,0
ArthCOI,ESV_005704,TATTTGAGCTGGAATAGTGGGAACTTCTTTAAGATTATTAATTCGAGCTGAATTAGGTAACCCAGGGTCTTTAATTGGAGACGATCAAATTTATAATACTATTGTAACAGCACATGCTTTTATTATAATTTTTTTTATAGTTATACCTATTATAATC,Eukaryota,Arthropoda,Insecta,Lepidoptera,Noctuidae,Peridroma,Peridroma saucia,99.4,1,0,0,0,0,0,0,0,0,0,0,0,0,0,0,0,0,0,0,0,0,0,198,0,0,0,0,0,0,0,0,0,0,0,0,0,0,0,0,0,0,0,0,0,0,0,0,0,0,0,0,0,0,0,0,0,0,0,0,0,0,0,0,0,0,0,0,0,0,0,0,0,0,0,0,0,0,0,0,0,0,0,0,0,0,0,0,0,0,0,0,0,0,0,0,0,0,0,0,0,0,0,0,0,0,0,0,0,0,0,0,0,0,0,0,0
ArthCOI,ESV_069245,AATATGGTCCGGAATAGTAGGGTCATCAATAAGATGAATTATCCGAATCGAATTAGGCCAACCAGGATCATTTATTGGAGATGATCAAATTTATAATGTAATTGTTACTGCTCATGCATTTGTAATAATTTTCTTTATAGTTATACCAATTATAATT,Eukaryota,Arthropoda,Insecta,Hemiptera,Coreidae,Mozena,Mozena sp. BOLD:AAG8912,98.7,1,0,0,0,0,0,0,0,0,0,0,0,0,0,0,0,0,0,0,0,0,0,0,0,0,0,0,0,0,0,0,0,0,0,0,0,0,0,0,0,0,0,0,0,0,0,0,0,192,0,0,0,0,0,0,0,0,0,0,0,0,0,0,0,0,0,0,0,0,0,0,0,0,0,0,0,0,0,0,0,0,0,0,0,0,0,0,0,0,0,0,0,0,0,0,0,0,0,0,0,0,0,0,0,0,0,0,0,0,0,0,0,0,0,0,0
ArthCOI,ESV_002708,AACATTTAGCGGTATACTAGGAATAATACTTCCCATGTTAATCCTTTTTGAATTAGCATTTCCAGGAAATACTTTTTTTGCGGGAAATCATCAATTATATAATGTTGTTGTTACTGCGCATGCGTTATTAATGATTTTTTTTATGGTAATGCCTATTTTAATT,Eukaryota,,,,,,,76.7,9,0,0,0,0,0,0,0,0,0,0,0,0,0,0,0,0,0,0,0,0,0,0,0,0,0,0,0,0,0,0,0,0,0,0,0,0,190,0,0,0,0,0,0,0,0,0,0,0,0,0,0,0,0,0,0,0,0,0,0,0,0,0,0,0,0,0,0,0,0,0,0,0,0,0,0,0,0,0,0,0,0,0,0,0,0,0,0,0,0,0,0,0,0,0,0,0,0,0,0,0,0,0,0,0,0,0,0,0,0,0,0,0,0,0,0
ArthCOI,ESV_069322,TATTTGATCTGGTATAATTGGGACTACTTTGAGATTATTAATTCGTATTGAATTAGGTAATCCAGGATCATTTATTGGTGATGATCAAATTTATAATGTAGTTGTTACAGCTCACGCATTTATTATAATTTTTTTTATGGTTATACCAATTATAATT,Eukaryota,Arthropoda,Insecta,Hemiptera,Aphrophoridae,Lepyronia,,99.4,2,0,0,0,0,0,0,0,0,0,0,0,0,0,0,0,0,0,0,0,0,0,0,188,0,0,0,0,0,0,0,0,0,0,0,0,0,0,0,0,0,0,0,0,0,0,0,0,0,0,0,0,0,0,0,0,0,0,0,0,0,0,0,0,0,0,0,0,0,0,0,0,0,0,0,0,0,0,0,0,0,0,0,0,0,0,0,0,0,0,0,0,0,0,0,0,0,0,0,0,0,0,0,0,0,0,0,0,0,0,0,0,0,0,0,0
ArthCOI,ESV_069277,AATTTGAGCAGGAATAGTAGGAACATCTTTAAGATTATTAATTCGTGCAGAATTAGGAACCCCAGGATCTTTAATTGGAGATGATCAAATTTATAATACTATTGTAACAGCTCATGCTTTTATTATAATTTTCTTTATAGTAATACCTATTATAATT,Eukaryota,Arthropoda,Insecta,Lepidoptera,Lasiocampidae,Heteropacha,Heteropacha rileyana,100,1,0,0,0,0,0,0,0,0,0,0,0,0,0,0,0,0,0,0,0,0,0,0,0,0,0,0,0,0,0,0,0,0,0,0,0,0,0,170,0,0,0,0,0,0,0,0,0,0,0,0,0,0,0,0,0,0,0,0,0,0,0,0,0,0,0,0,0,0,0,0,0,0,0,0,0,0,0,0,0,0,0,0,0,0,0,0,0,0,0,0,0,0,0,0,0,0,0,0,0,0,0,0,0,0,0,0,0,0,0,0,0,0,0,0,0
ArthCOI,ESV_069321,TGCTTGATCAAGAATAATTGGTACATCTTTAAGTATATTAATTCGAATAGAATTAGGTCATCCAGGTTCATTAATTGGAAATGACCAAATTTATAATGTAATTGTAACAGCCCATGCTTTTGTTATAATTTTCTTTATAGTTATACCTATTATAATT,Eukaryota,Arthropoda,Insecta,Diptera,Tachinidae,Lespesia,Lespesia aletiae,100,1,0,0,0,0,125,0,0,0,0,0,0,0,0,0,0,0,0,0,0,0,0,0,0,40,0,0,0,0,0,0,0,0,0,0,0,0,0,0,0,0,0,0,0,0,0,0,0,0,0,0,0,0,0,0,0,0,0,0,0,0,0,0,0,0,0,0,0,0,0,0,0,0,0,0,0,0,0,0,0,0,0,0,0,0,0,0,0,0,0,0,0,0,0,0,0,0,0,0,0,0,0,0,0,0,0,0,0,0,0,0,0,0,0,0,0
ArthCOI,ESV_001654,AGCTTGAGCTGGGATAGTAGGCACATCATTAAGTATTTTAATTCGAACAGAACTAGGACAACCAGGCTATTTAATTGGAGATGATCAAACTTATAATGTTATCGTAACCGCACATGCATTTATCATAATTTTCTTTATAGTTATACCTATTATAATT,Eukaryota,Arthropoda,Insecta,Orthoptera,Gryllidae,Gryllus,,99.4,3,0,0,0,0,0,0,0,0,0,0,0,0,0,0,0,0,0,0,0,0,0,162,0,0,0,0,0,0,0,0,0,0,0,0,0,0,0,0,0,0,0,0,0,0,0,0,0,0,0,0,0,0,0,0,0,0,0,0,0,0,0,0,0,0,0,0,0,0,0,0,0,0,0,0,0,0,0,0,0,0,0,0,0,0,0,0,0,0,0,0,0,0,0,0,0,0,0,0,0,0,0,0,0,0,0,0,0,0,0,0,0,0,0,0,0
ArthCOI,ESV_069279,AATTTGATCAGGTATGATTGGAACAACAATAAGAATTTTAATTCGTGTAGAATTAGGAATTCCTGGTTCATTTATTGGTGATGATCAAATTTATAATGTTATTGTTACTGCTCATGCTTTTATTATAATTTTTTTATAGTTATACCAATTATAATT,Eukaryota,Arthropoda,Insecta,Hemiptera,Cicadidae,,,91.7,9,0,0,0,0,0,0,0,0,0,0,0,0,0,0,0,0,0,0,0,0,0,0,0,0,0,0,0,0,0,0,0,0,0,161,0,0,0,0,0,0,0,0,0,0,0,0,0,0,0,0,0,0,0,0,0,0,0,0,0,0,0,0,0,0,0,0,0,0,0,0,0,0,0,0,0,0,0,0,0,0,0,0,0,0,0,0,0,0,0,0,0,0,0,0,0,0,0,0,0,0,0,0,0,0,0,0,0,0,0,0,0,0,0,0,0
ArthCOI,ESV_069259,AGCATGAGCTGGGATAGTAGGAACCTCAATAAGAATAATTATTCGATCAGAACTTGGTCAACCAGGGTCTTTAATTGGAGATGACCAAATTTATAATGTAATTATTACAGCCCACGCATTTGTAATAATTTTCTTCATAGTTATACCTATTATAATT,Eukaryota,Arthropoda,Insecta,Orthoptera,Acrididae,,,94.9,6,146,0,0,0,0,0,0,0,0,0,0,0,0,0,0,0,0,0,0,0,0,0,0,0,0,0,0,0,0,0,0,0,0,0,0,0,0,0,0,0,0,0,14,0,0,0,0,0,0,0,0,0,0,0,0,0,0,0,0,0,0,0,0,0,0,0,0,0,0,0,0,0,0,0,0,0,0,0,0,0,0,0,0,0,0,0,0,0,0,0,0,0,0,0,0,0,0,0,0,0,0,0,0,0,0,0,0,0,0,0,0,0,0,0,0
ArthCOI,ESV_004156,TTTATTTGCTGGGATTATAGGTACTATTTTTTCAATTATAATTCGTATTGAATTAGCATATCCAGGTATTCAAATTTTAAATGGTAACCACCAATTTTATAATGTTATTGTAACTGCACATGCATTTATAATGATATTTTTTATGGTTATGCCGGCTATGATT,Eukaryota,Tubulinea,Elardia,Arcellinida,Hyalospheniidae,Nebela,,87.1,2,0,0,0,0,0,0,0,0,0,0,0,0,0,0,0,0,0,159,0,0,0,0,0,0,0,0,0,0,0,0,0,0,0,0,0,0,0,0,0,0,0,0,0,0,0,0,0,0,0,0,0,0,0,0,0,0,0,0,0,0,0,0,0,0,0,0,0,0,0,0,0,0,0,0,0,0,0,0,0,0,0,0,0,0,0,0,0,0,0,0,0,0,0,0,0,0,0,0,0,0,0,0,0,0,0,0,0,0,0,0,0,0,0,0,0
ArthCOI,ESV_069352,AATCTGAGCAGGTATAATTGGATCTTCCCTTAGAATTTTAATTCGATTAGAATTAAGCCAAATCAATTCTATTATTAATAACAACCAACTTTATAATGTAATTGTTACTATTCATGCATTCATTATAATTTTTTTTATAACAATACCTATTGTAATT,Eukaryota,Arthropoda,Insecta,Hemiptera,Aphididae,Tinocallis,Tinocallis ulmifolii,96.2,1,0,0,0,0,0,0,0,0,0,0,0,0,0,0,145,0,0,0,0,0,0,0,0,0,0,0,0,0,0,0,0,0,0,0,0,0,0,0,0,0,0,0,0,0,0,0,0,0,0,0,0,0,0,0,0,0,0,0,0,0,0,0,0,0,0,0,0,0,0,0,0,0,0,0,0,0,0,0,0,0,0,0,0,0,0,0,0,0,0,0,0,0,0,0,0,0,0,0,0,0,0,0,0,0,0,0,0,0,0,0,0,0,0,0,0
ArthCOI,ESV_069323,AGCCTGAGCTGGAATAGTAGGTACATCTTTAAGTCTCCTTATTCGAGCTGAATTAGGTCAACCAGGGTACCTAATTGGTGATGATCAAATTTATAACGTTATTGTAACTGCCCATGCATTTGTAATAATCTTCTTCATAGTTATACCTATTATAATT,Eukaryota,Arthropoda,Insecta,Orthoptera,Tettigoniidae,Scudderia,Scudderia furcata,99.4,1,0,0,0,0,0,0,0,0,0,0,0,0,0,0,0,0,0,0,0,0,0,0,144,0,0,0,0,0,0,0,0,0,0,0,0,0,0,0,0,0,0,0,0,0,0,0,0,0,0,0,0,0,0,0,0,0,0,0,0,0,0,0,0,0,0,0,0,0,0,0,0,0,0,0,0,0,0,0,0,0,0,0,0,0,0,0,0,0,0,0,0,0,0,0,0,0,0,0,0,0,0,0,0,0,0,0,0,0,0,0,0,0,0,0,0
ArthCOI,ESV_069256,AGCATGAGCTGGGATAGTAGGAACCTCAATAAGAATAATTATTCGATCAGAACTTGGTCAACCAGGGTCTTTAATTGGAGACGACCAAATTTATAATGTAATTATTACAGCCCACGCATTTGTAATAATTTTCTTCATAGTTATACCTATTATAATT,Eukaryota,Arthropoda,Insecta,Orthoptera,Acrididae,Melanoplus,,94.3,31,0,0,0,0,0,0,0,0,0,0,0,0,0,0,0,0,0,0,0,0,0,0,0,0,0,0,0,0,0,0,0,0,0,0,0,0,0,0,0,0,0,0,143,0,0,0,0,0,0,0,0,0,0,0,0,0,0,0,0,0,0,0,0,0,0,0,0,0,0,0,0,0,0,0,0,0,0,0,0,0,0,0,0,0,0,0,0,0,0,0,0,0,0,0,0,0,0,0,0,0,0,0,0,0,0,0,0,0,0,0,0,0,0,0,0
ArthCOI,ESV_069324,AATTTGAGCTGGAATAGTAGGAACTTCATTAAGACTTTTAATTCGAGCAGAATTAGGTAACCCTGGATCTTTAATTGGAGATGACCAAATTTATAATACTATCGTAACTGCTCATGCCTTTATTATAATTTTCTTCATAGTAATACCTATTATAATT,Eukaryota,Arthropoda,Insecta,Lepidoptera,Geometridae,Anavitrinella,,99.4,4,0,0,0,0,0,0,0,0,0,0,0,0,0,0,0,0,0,0,0,0,0,0,143,0,0,0,0,0,0,0,0,0,0,0,0,0,0,0,0,0,0,0,0,0,0,0,0,0,0,0,0,0,0,0,0,0,0,0,0,0,0,0,0,0,0,0,0,0,0,0,0,0,0,0,0,0,0,0,0,0,0,0,0,0,0,0,0,0,0,0,0,0,0,0,0,0,0,0,0,0,0,0,0,0,0,0,0,0,0,0,0,0,0,0,0
ArthCOI,ESV_069299,AATTTGAGCAGGAATAGTAGGAACTTCTCTTAGTTTATTAATTCGATCTGAATTAGGAAATCCAGGTTCATTAATTGGAGATGATCAAATTTATAATACTATTGTTACAGCTCATGCTTTTATTATAATTTTTTTTATAGTTATACCTATTATAATC,Eukaryota,Arthropoda,Insecta,Lepidoptera,Nymphalidae,Asterocampa,Asterocampa celtis,99.4,1,0,0,0,0,95,0,0,0,0,0,0,0,0,0,0,0,0,0,0,0,0,0,0,0,0,0,35,12,0,0,0,0,0,0,0,0,0,0,0,0,0,0,0,0,0,0,0,0,0,0,0,0,0,0,0,0,0,0,0,0,0,0,0,0,0,0,0,0,0,0,0,0,0,0,0,0,0,0,0,0,0,0,0,0,0,0,0,0,0,0,0,0,0,0,0,0,0,0,0,0,0,0,0,0,0,0,0,0,0,0,0,0,0,0,0
ArthCOI,ESV_069303,AATTTGAGCAGGAATAGTAGGAACTTCTTTAAGTTTATTAATCCGAACTGAATTAGGTAATCCTGGTTCCTTAATTGGAGATGATCAAATTTATAATACTATTGTTACAGCTCATGCTTTTATTATAATTTTTTTTATAGTTATACCAATTATAATT,Eukaryota,Arthropoda,Insecta,Lepidoptera,Hesperiidae,Erynnis,,100,2,0,0,0,0,0,0,0,0,0,0,0,0,0,0,0,0,0,0,0,0,0,0,0,0,0,142,0,0,0,0,0,0,0,0,0,0,0,0,0,0,0,0,0,0,0,0,0,0,0,0,0,0,0,0,0,0,0,0,0,0,0,0,0,0,0,0,0,0,0,0,0,0,0,0,0,0,0,0,0,0,0,0,0,0,0,0,0,0,0,0,0,0,0,0,0,0,0,0,0,0,0,0,0,0,0,0,0,0,0,0,0,0,0,0,0
ArthCOI,ESV_061901,TATTTGAGCAGGAATAGTTGGAACTTCTTTAAGTTTATTAATTCGAGCTGAATTAGGTAACCCCGGATCTTTAATTGGAGATGATCAAATTTATAACACTATTGTTACAGCTCATGCTTTTATTATAATTTTTTTTATAGTTATACCTATTATAATT,Eukaryota,Arthropoda,Insecta,Lepidoptera,Erebidae,Zale,Zale lunata,100,1,0,0,0,0,0,0,0,0,0,0,0,135,0,0,0,0,0,0,0,0,0,0,0,0,0,0,0,0,0,0,0,0,0,0,0,0,0,0,0,0,0,0,0,0,0,0,0,0,0,0,0,0,0,0,0,0,0,0,0,0,0,0,0,0,0,0,0,0,0,0,0,0,0,0,0,0,0,0,0,0,0,0,0,0,0,0,0,0,0,0,0,0,0,0,0,0,0,0,0,0,0,0,0,0,0,0,0,0,0,0,0,0,0,0,0
ArthCOI,ESV_069373,AGCATGAGCTGGAATAGTAGGAACTTCTATAAGAATAATTATTCGAGCAGAATTAGGTCAACCAGGATCTTTGATTGGAGATGACCAAATTTACAATGTAATTATTACAGCACACGCATTTGTAATAATTTTCTTTATAGTTATACCTATTATAATT,Eukaryota,Arthropoda,Insecta,Orthoptera,Acrididae,,,98.7,4,0,0,0,11,0,122,0,0,0,0,0,0,0,0,0,0,0,0,0,0,0,0,0,0,0,0,0,0,0,0,0,0,0,0,0,0,0,0,0,0,0,0,0,0,0,0,0,0,0,0,0,0,0,0,0,0,0,0,0,0,0,0,0,0,0,0,0,0,0,0,0,0,0,0,0,0,0,0,0,0,0,0,0,0,0,0,0,0,0,0,0,0,0,0,0,0,0,0,0,0,0,0,0,0,0,0,0,0,0,0,0,0,0,0,0
ArthCOI,ESV_069286,AGCTTGATCAGCTATAGTTGGAACCGCTATAAGAGTATTAATTCGTATAGAACTAGGACAGACTGGTTCATTTTTAGGAAATGATCATATGTATAATGTAATTGTAACTGCACATGCTTTTGTTATAATTTTTTTTATAGTAATACCGATTTTAATT,Eukaryota,Arthropoda,Arachnida,Araneae,Salticidae,Pelegrina,,99.4,2,0,0,0,0,0,0,0,0,0,0,0,0,0,0,0,0,0,0,0,0,0,0,0,0,0,0,0,129,0,0,0,0,0,0,0,0,0,0,0,0,0,0,0,0,0,0,0,0,0,0,0,0,0,0,0,0,0,0,0,0,0,0,0,0,0,0,0,0,0,0,0,0,0,0,0,0,0,0,0,0,0,0,0,0,0,0,0,0,0,0,0,0,0,0,0,0,0,0,0,0,0,0,0,0,0,0,0,0,0,0,0,0,0,0,0
ArthCOI,ESV_069348,TATCTGGTCTGGAATAGTAGGAATAATACTAAGAATAATTATTCGGATTGAATTATCCCAACCAGGGTCAGTAATTAATAACGATCAAGCCTATAATGTAATCGTTACATCTCATGCATTCATCATAATTTTCTTTATAGTTATGCCAATTATAATC,Eukaryota,Arthropoda,Insecta,Hemiptera,Cicadellidae,Driotura,Driotura robusta,98.7,1,0,0,0,0,0,0,0,0,0,0,0,0,0,0,0,127,0,0,0,0,0,0,0,0,0,0,0,0,0,0,0,0,0,0,0,0,0,0,0,0,0,0,0,0,0,0,0,0,0,0,0,0,0,0,0,0,0,0,0,0,0,0,0,0,0,0,0,0,0,0,0,0,0,0,0,0,0,0,0,0,0,0,0,0,0,0,0,0,0,0,0,0,0,0,0,0,0,0,0,0,0,0,0,0,0,0,0,0,0,0,0,0,0,0,0
ArthCOI,ESV_069276,AGCTTGATCAGCTATAGTTGGAACCGCTATAAGAGTATTAATTCGTATAGAATTAGGACAGACTGGTTCATTTTTAGGAAATGATCATATGTATAATGTAATTGTAACTGCACATGCTTTTGTTATAATTTTTTTTATAGTAATACCGATTTTAATC,Eukaryota,Arthropoda,Arachnida,Araneae,Salticidae,Pelegrina,,99.4,2,0,0,0,0,0,0,0,0,0,0,0,0,0,0,0,0,0,0,0,0,0,0,0,0,0,0,0,104,0,0,0,0,0,0,0,0,0,0,15,0,0,0,0,0,0,0,0,0,0,0,0,0,0,0,0,0,0,0,0,0,0,0,0,0,0,0,0,0,0,0,0,0,0,0,0,0,0,0,0,0,0,0,0,0,0,0,0,0,0,0,0,0,0,0,0,0,0,0,0,0,0,0,0,0,0,0,0,0,0,0,0,0,0,0,0
ArthCOI,ESV_049709,AGCTTGATCAGCTATAGTTGGAACTGCAATAAGAGTTTTGATTCGAATAGAATTAGGACAGTCTGGTAGATTTTTAGGTGATGATCATTTATATAATGTTGTCGTTACTGCTCATGCTTTTGTTATAATTTTTTTTATAGTAATACCTATTTTAATT,Eukaryota,Arthropoda,Arachnida,Araneae,Anyphaenidae,Hibana,Hibana gracilis,100,1,0,0,0,0,0,0,0,0,0,0,0,0,0,0,0,0,0,0,0,0,0,0,0,0,0,0,0,108,0,0,0,0,0,0,0,0,0,0,0,0,0,0,0,0,0,0,0,0,0,0,0,0,0,0,0,0,0,0,0,0,0,0,0,0,0,0,0,0,0,0,0,0,0,0,0,0,0,0,0,0,0,0,0,0,0,0,0,0,0,0,0,0,0,0,0,0,0,0,0,0,0,0,0,0,0,0,0,0,0,0,0,0,0,0,0
ArthCOI,ESV_069353,TGCTTGATCAGGAATAGTTGGAACATCTTTAAGAATTTTAATTCGAGCAGAACTAGGACATGCTGGTGCCTTAATTGGGGATGATCAAATTTATAATGTTATTGTAACTGCCCATGCTTTTGTTATAATTTTTTTTATAGTTATACCAATTTTAATT,Eukaryota,Arthropoda,Insecta,Diptera,Chironomidae,,,93.6,65,0,0,0,0,0,0,0,0,0,0,0,0,0,0,107,0,0,0,0,0,0,0,0,0,0,0,0,0,0,0,0,0,0,0,0,0,0,0,0,0,0,0,0,0,0,0,0,0,0,0,0,0,0,0,0,0,0,0,0,0,0,0,0,0,0,0,0,0,0,0,0,0,0,0,0,0,0,0,0,0,0,0,0,0,0,0,0,0,0,0,0,0,0,0,0,0,0,0,0,0,0,0,0,0,0,0,0,0,0,0,0,0,0,0,0
ArthCOI,ESV_069247,AATTTGATCAGGAATAGTAGGAACTTCATTAAGTCTTTTAATTCGTGCAGAATTAGGAAATCCTGGATCTTTAATTGGAGATGATCAAATTTATAATACTATTGTTACAGGACATGCTTTTATTATAATTTTCTTTATAGTTATACCTATTATAATT,Eukaryota,Arthropoda,Insecta,Lepidoptera,Pyralidae,Pococera,Pococera euphemella,100,1,0,0,0,53,0,0,0,0,0,0,0,0,0,0,0,0,0,0,0,0,0,0,0,0,0,0,0,0,0,0,0,0,0,0,0,0,0,0,0,0,0,0,0,0,0,0,0,50,0,0,0,0,0,0,0,0,0,0,0,0,0,0,0,0,0,0,0,0,0,0,0,0,0,0,0,0,0,0,0,0,0,0,0,0,0,0,0,0,0,0,0,0,0,0,0,0,0,0,0,0,0,0,0,0,0,0,0,0,0,0,0,0,0,0,0
ArthCOI,ESV_069387,AATATGATCAGGAATAATTGGATTATCAATAAGTATATTAATTCGAATAGAATTAGGAATACCAGGGTCCATTATTGGAAATGATCAAATTTATAACACAATTGTAACTGCCCATGCATTCGTAATAATTTTTTTTATAGTTATACCTACTATAATT,Eukaryota,Arthropoda,Insecta,Phasmatodea,Heteronemiidae,,,96.8,1,0,0,0,102,0,0,0,0,0,0,0,0,0,0,0,0,0,0,0,0,0,0,0,0,0,0,0,0,0,0,0,0,0,0,0,0,0,0,0,0,0,0,0,0,0,0,0,0,0,0,0,0,0,0,0,0,0,0,0,0,0,0,0,0,0,0,0,0,0,0,0,0,0,0,0,0,0,0,0,0,0,0,0,0,0,0,0,0,0,0,0,0,0,0,0,0,0,0,0,0,0,0,0,0,0,0,0,0,0,0,0,0,0,0,0
ArthCOI,ESV_069287,AATTTGAGCAGGAATAGTTGGAACTTCCCTTAGTTTATTAATTCGATCTGAATTAGGAAATCCAGGTTCATTAATTGGAGATGATCAAATTTACAATACTATTGTTACAGCTCATGCTTTTATTATAATTTTTTTTATAGTTATACCTATTATAATT,Eukaryota,Arthropoda,Insecta,Lepidoptera,Nymphalidae,Asterocampa,Asterocampa clyton,100,1,0,0,0,0,0,0,0,0,0,0,0,0,0,0,0,0,0,0,0,0,0,0,0,0,0,0,0,101,0,0,0,0,0,0,0,0,0,0,0,0,0,0,0,0,0,0,0,0,0,0,0,0,0,0,0,0,0,0,0,0,0,0,0,0,0,0,0,0,0,0,0,0,0,0,0,0,0,0,0,0,0,0,0,0,0,0,0,0,0,0,0,0,0,0,0,0,0,0,0,0,0,0,0,0,0,0,0,0,0,0,0,0,0,0,0
ArthCOI,ESV_069388,AATATGATCAGGAATAATTGGATTATCAATAAGTATATTAATTCGAATAGAATTAGGAATACCAGGGTCCATTATTGGAAATGATCGAATTTATAACACAATTGTAACTGCCCATGCATTCGTAATAATTTTTTTTATAGTTATACCTATTATAATT,Eukaryota,Arthropoda,Insecta,Phasmatodea,Heteronemiidae,,,96.8,1,0,0,0,98,0,0,0,0,0,0,0,0,0,0,0,0,0,0,0,0,0,0,0,0,0,0,0,0,0,0,0,0,0,0,0,0,0,0,0,0,0,0,0,0,0,0,0,0,0,0,0,0,0,0,0,0,0,0,0,0,0,0,0,0,0,0,0,0,0,0,0,0,0,0,0,0,0,0,0,0,0,0,0,0,0,0,0,0,0,0,0,0,0,0,0,0,0,0,0,0,0,0,0,0,0,0,0,0,0,0,0,0,0,0,0
ArthCOI,ESV_069389,AATATGATCAGGAATAATTGGATTATCAATAAGTATATTAATTCGAATAGAATTAGGAATACCAGGGTCCATTATTGGAAATGATCAAATTTATAACACAATTGTAACTGCCCATGCATTCGTAATAATTTTTTTTATAGTTATACCAATTATAATT,Eukaryota,Arthropoda,Insecta,Phasmatodea,Heteronemiidae,,,96.8,1,0,0,0,97,0,0,0,0,0,0,0,0,0,0,0,0,0,0,0,0,0,0,0,0,0,0,0,0,0,0,0,0,0,0,0,0,0,0,0,0,0,0,0,0,0,0,0,0,0,0,0,0,0,0,0,0,0,0,0,0,0,0,0,0,0,0,0,0,0,0,0,0,0,0,0,0,0,0,0,0,0,0,0,0,0,0,0,0,0,0,0,0,0,0,0,0,0,0,0,0,0,0,0,0,0,0,0,0,0,0,0,0,0,0,0
ArthCOI,ESV_002381,AATTTGAGCAGGAATAGTAGGAACATCTTTAAGTTTATTAATTCGAGCTGAATTAGGAACTCCAGGATCTTTAATTGGAGATGACCAAATTTATAATACTATTGTAACAGCTCATGCTTTTATTATAATTTTTTTTATAGTTATACCTATTATAATT,Eukaryota,Arthropoda,Insecta,Lepidoptera,Noctuidae,Spodoptera,Spodoptera ornithogalli,100,1,0,0,0,0,0,0,0,0,0,0,0,0,0,0,0,0,0,0,0,0,0,0,0,0,0,0,0,0,0,0,0,0,0,89,0,0,0,0,0,0,0,0,0,0,0,0,0,0,0,0,0,0,0,0,0,0,0,0,0,0,0,0,0,0,0,0,0,0,0,0,0,0,0,0,0,0,0,0,0,0,0,0,0,0,0,0,0,0,0,0,0,0,0,0,0,0,0,0,0,0,0,0,0,0,0,0,0,0,0,0,0,0,0,0,0
ArthCOI,ESV_069288,AGCTTGATCAGCTATAGTTGGAACCGCTATAAGAGTATTAACTCGTATAGAATTAGGACAGACTGGTTCATTTTTAGGAAATGATCATATGTATAATGTAATTGTAACTGCACATGCTTTTGTTATAATTTTTTTTATAGTAATACCGATTTTAATT,Eukaryota,Arthropoda,Arachnida,Araneae,Salticidae,Pelegrina,,99.4,2,0,0,0,0,0,0,0,0,0,0,0,0,0,0,0,0,0,0,0,0,0,0,0,0,0,0,0,88,0,0,0,0,0,0,0,0,0,0,0,0,0,0,0,0,0,0,0,0,0,0,0,0,0,0,0,0,0,0,0,0,0,0,0,0,0,0,0,0,0,0,0,0,0,0,0,0,0,0,0,0,0,0,0,0,0,0,0,0,0,0,0,0,0,0,0,0,0,0,0,0,0,0,0,0,0,0,0,0,0,0,0,0,0,0,0
ArthCOI,ESV_008717,GGCTTGATCCGGCATAATTGGGACTTCTTTAAGTCTCCTTATTCGAGCTGAGTTAGGGCAGCCTGGGTCCCTTATTGGAGATGACCAAATCTATAATGTTATCGTAACTGCTCACGCCTTTATTATAATCTTCTTTATGGTAATGCCCATTATAATT,Eukaryota,Arthropoda,Insecta,Ephemeroptera,Ephemerellidae,Ephemerella,,100,5,0,0,0,0,0,0,0,0,0,0,0,0,0,0,0,0,0,0,0,0,0,0,0,0,0,0,0,0,0,0,0,0,0,0,0,0,0,0,0,0,0,0,0,0,0,87,0,0,0,0,0,0,0,0,0,0,0,0,0,0,0,0,0,0,0,0,0,0,0,0,0,0,0,0,0,0,0,0,0,0,0,0,0,0,0,0,0,0,0,0,0,0,0,0,0,0,0,0,0,0,0,0,0,0,0,0,0,0,0,0,0,0,0,0,0
ArthCOI,ESV_069338,GATATGATCAGGTATGGTTGGAATAATATTAAGTATAATCATCCGAGTTGAACTCGGACAGCCTGGGCCATTCTTAAATAATGACCAAATTTATAATACAATCATTACTTCCCACGCCTTCATTATAATTTTCTTCATAGTTATACCAATTATAATC,Eukaryota,Arthropoda,Insecta,Hemiptera,Membracidae,Stictocephala,Stictocephala taurina,92.4,1,0,0,0,0,0,0,0,0,0,0,53,0,0,0,0,0,33,0,0,0,0,0,0,0,0,0,0,0,0,0,0,0,0,0,0,0,0,0,0,0,0,0,0,0,0,0,0,0,0,0,0,0,0,0,0,0,0,0,0,0,0,0,0,0,0,0,0,0,0,0,0,0,0,0,0,0,0,0,0,0,0,0,0,0,0,0,0,0,0,0,0,0,0,0,0,0,0,0,0,0,0,0,0,0,0,0,0,0,0,0,0,0,0,0,0
ArthCOI,ESV_069251,AATTTGAGCAGGAATAGTAGGAACTTCTTTAAGTTTATTAATTCGAGCTGAATTAGGAACTCCTGGATTTTTAATTGGAGATGATCAAATTTATAATACAATTGTCACAGCTCATGCATTTATTATAATTTTTTTTATAGTTATACCTATTATAATT,Eukaryota,Arthropoda,Insecta,Lepidoptera,Notodontidae,Litodonta,,100,2,0,0,0,0,0,0,0,0,0,0,0,0,0,0,0,0,0,0,0,0,20,0,0,0,0,0,0,0,0,0,0,0,0,0,0,0,0,0,0,0,0,0,54,0,0,0,12,0,0,0,0,0,0,0,0,0,0,0,0,0,0,0,0,0,0,0,0,0,0,0,0,0,0,0,0,0,0,0,0,0,0,0,0,0,0,0,0,0,0,0,0,0,0,0,0,0,0,0,0,0,0,0,0,0,0,0,0,0,0,0,0,0,0,0,0
ArthCOI,ESV_069390,AATATGATCAGGAATAATTGGATTATCAATAAGTATATTAATTCGAATAGAATTAGGAATACCAGGATCCATTAATGGAAATGATCAAATTTATAATACAATTGTAACTGCCCGTGTATTTGTAATAACTTTTTATGGTAATACCTATTATGATT,Eukaryota,Arthropoda,Insecta,Phasmatodea,Heteronemiidae,,,92.4,1,0,0,0,85,0,0,0,0,0,0,0,0,0,0,0,0,0,0,0,0,0,0,0,0,0,0,0,0,0,0,0,0,0,0,0,0,0,0,0,0,0,0,0,0,0,0,0,0,0,0,0,0,0,0,0,0,0,0,0,0,0,0,0,0,0,0,0,0,0,0,0,0,0,0,0,0,0,0,0,0,0,0,0,0,0,0,0,0,0,0,0,0,0,0,0,0,0,0,0,0,0,0,0,0,0,0,0,0,0,0,0,0,0,0,0
ArthCOI,ESV_069304,AATTTGAGCAGGAATAGTAGGAACTTCTTTAAGTTTATTAATCCGAACTGAATTAGGTAATCCTGGTTCCTTAATTGGAGATGATCAAATTTATAATACTATTGTTACAGCTCATGCTTTTATTATAATTTTTTTTATAGTTATACCTATTATAATT,Eukaryota,Arthropoda,Insecta,Lepidoptera,Hesperiidae,Erynnis,,99.4,2,0,0,0,0,0,0,0,0,0,0,0,0,0,0,0,0,0,0,0,0,0,0,0,0,0,82,0,0,0,0,0,0,0,0,0,0,0,0,0,0,0,0,0,0,0,0,0,0,0,0,0,0,0,0,0,0,0,0,0,0,0,0,0,0,0,0,0,0,0,0,0,0,0,0,0,0,0,0,0,0,0,0,0,0,0,0,0,0,0,0,0,0,0,0,0,0,0,0,0,0,0,0,0,0,0,0,0,0,0,0,0,0,0,0,0
ArthCOI,ESV_060207,AATTTGATCTGGAATAGTTGGAACATCTTTAAGATTACTTATTCGAGCTGAATTAGGAACTCCAGGATCTTTAATTGGAGATGATCAAATTTATAATACTATCGTTACAGGTCATGCTTTTATTATAATTTTTTTTATAGTAATGCCTATTATAATT,Eukaryota,Arthropoda,Insecta,Lepidoptera,Pyralidae,Homoeosoma,Homoeosoma electellum,100,1,0,0,0,0,78,0,0,0,0,0,0,0,0,0,0,0,0,0,0,0,0,0,0,0,0,0,0,0,0,0,0,0,0,0,0,0,0,0,0,0,0,0,0,0,0,0,0,0,0,0,0,0,0,0,0,0,0,0,0,0,0,0,0,0,0,0,0,0,0,0,0,0,0,0,0,0,0,0,0,0,0,0,0,0,0,0,0,0,0,0,0,0,0,0,0,0,0,0,0,0,0,0,0,0,0,0,0,0,0,0,0,0,0,0,0
ArthCOI,ESV_026224,TATATGAGCTGGTATAGTAGGATCAGCAATAAGACTAATTATTCGTATTGAATTAGGGCAACCCGGAAGATTTATTGGAGATGACCAAATTTATAATGTAGTAGTTACAGCACATGCATTTGTAATAATTTTCTTCATAGTAATACCAATTATAATT,Eukaryota,Arthropoda,Insecta,Hemiptera,Pentatomidae,Thyanta,,100,7,0,0,0,0,0,0,0,0,0,0,0,0,0,0,0,0,0,0,0,0,0,0,0,0,0,0,0,0,0,0,0,0,0,0,0,0,0,0,0,0,0,0,0,0,0,0,77,0,0,0,0,0,0,0,0,0,0,0,0,0,0,0,0,0,0,0,0,0,0,0,0,0,0,0,0,0,0,0,0,0,0,0,0,0,0,0,0,0,0,0,0,0,0,0,0,0,0,0,0,0,0,0,0,0,0,0,0,0,0,0,0,0,0,0,0
ArthCOI,ESV_069391,AATATGATCAGGAATAATTGGATTATCAATAAGTATTTTAATTCGAATAGAATCAGGAATACCAGGATCCATTATTGGAAATGATCAAATTTATAATACAATCATAACTGCCCATGCATTTGTAATAATTTTTTTATAGTTATACCTATTATAATT,Eukaryota,Arthropoda,Insecta,Phasmatodea,Heteronemiidae,,,94.9,1,0,0,0,74,0,0,0,0,0,0,0,0,0,0,0,0,0,0,0,0,0,0,0,0,0,0,0,0,0,0,0,0,0,0,0,0,0,0,0,0,0,0,0,0,0,0,0,0,0,0,0,0,0,0,0,0,0,0,0,0,0,0,0,0,0,0,0,0,0,0,0,0,0,0,0,0,0,0,0,0,0,0,0,0,0,0,0,0,0,0,0,0,0,0,0,0,0,0,0,0,0,0,0,0,0,0,0,0,0,0,0,0,0,0,0
ArthCOI,ESV_008506,AGCTTGGGCTGGAATAGTAGGCACATCATTAAGTATTTTAATTCGAACAGAACTAGGACAACCAGGTTATTTAATTGGAGACGATCAAACTTATAATGTTATCGTAACTGCACATGCATTTATCATAATTTTCTTTATAGTTATACCTATTATAATC,Eukaryota,Arthropoda,Insecta,Orthoptera,Gryllidae,Gryllus,Gryllus veletis,100,1,0,0,0,0,0,0,0,0,0,0,0,0,0,0,0,0,0,0,0,0,0,72,0,0,0,0,0,0,0,0,0,0,0,0,0,0,0,0,0,0,0,0,0,0,0,0,0,0,0,0,0,0,0,0,0,0,0,0,0,0,0,0,0,0,0,0,0,0,0,0,0,0,0,0,0,0,0,0,0,0,0,0,0,0,0,0,0,0,0,0,0,0,0,0,0,0,0,0,0,0,0,0,0,0,0,0,0,0,0,0,0,0,0,0,0
ArthCOI,ESV_069289,AGTTTGATCAGTTATGGTTGGTACAGCTATAAGTGTTTTAATTCGTATAGAATTAGGTCGTCCTGGAAGATTTTTAGGTGATGATCATTTATATAATGTAATAGTAACTGCTCATGCTTTTGTAATAATTTTTTTTATAGTTATGCCAATTTTAATT,Eukaryota,Arthropoda,Arachnida,Araneae,Oxyopidae,Peucetia,Peucetia viridans,99.4,1,0,0,0,0,0,0,0,0,0,0,0,0,0,0,0,0,0,0,0,0,0,0,0,0,0,0,0,71,0,0,0,0,0,0,0,0,0,0,0,0,0,0,0,0,0,0,0,0,0,0,0,0,0,0,0,0,0,0,0,0,0,0,0,0,0,0,0,0,0,0,0,0,0,0,0,0,0,0,0,0,0,0,0,0,0,0,0,0,0,0,0,0,0,0,0,0,0,0,0,0,0,0,0,0,0,0,0,0,0,0,0,0,0,0,0
ArthCOI,ESV_011119,TATTTGAGCAGGAATAGTAGGAACTTCTTTAAGTTTATTAATTCGAGCTGAATTAGGAAATCCTGGATCATTAATTGGTGATGATCAAATTTATAATACTATTGTTACAGCTCATGCTTTTATTATAATTTTTTTTATAGTTATACCTATTATAATT,Eukaryota,Arthropoda,Insecta,Lepidoptera,Erebidae,Melipotis,Melipotis sp. perpendicularisDHJ01,100,1,0,0,0,0,0,0,0,0,0,0,0,0,0,0,0,0,0,0,0,0,0,0,0,0,17,0,0,0,0,0,0,0,0,0,54,0,0,0,0,0,0,0,0,0,0,0,0,0,0,0,0,0,0,0,0,0,0,0,0,0,0,0,0,0,0,0,0,0,0,0,0,0,0,0,0,0,0,0,0,0,0,0,0,0,0,0,0,0,0,0,0,0,0,0,0,0,0,0,0,0,0,0,0,0,0,0,0,0,0,0,0,0,0,0,0
ArthCOI,ESV_069278,GGCATGGGCTGCTATATTAGGGACAGCAATAAGAGTATTAATTCGAATTGAGTTAGGTCAACCGGGTAGATTTATAGGTGATGACCAATTATATAATGTAATTGTAACTGCTCATGCATTTGTAATAATTTTTTTTATGGTTATGCCAATTTTAATT,Eukaryota,Arthropoda,Arachnida,Araneae,Araneidae,Neoscona,Neoscona crucifera,99.4,1,0,0,0,0,0,0,0,0,0,0,0,0,0,0,0,0,0,0,0,0,0,0,0,0,0,0,0,0,0,0,0,0,0,0,0,0,0,70,0,0,0,0,0,0,0,0,0,0,0,0,0,0,0,0,0,0,0,0,0,0,0,0,0,0,0,0,0,0,0,0,0,0,0,0,0,0,0,0,0,0,0,0,0,0,0,0,0,0,0,0,0,0,0,0,0,0,0,0,0,0,0,0,0,0,0,0,0,0,0,0,0,0,0,0,0
ArthCOI,ESV_069392,AATATGGTCAGGAATAATTGGATTATCAATAAGTATATTAATTCGAATAGAATTAGGAATACCAGGATCCATTATTGGAAATGATCAAATTTATAATACAATCGTAACTGCTCATGCATTCGTAATAATTTTTTTTATAGTTATACCTATTATAATT,Eukaryota,Arthropoda,Insecta,Phasmatodea,Heteronemiidae,,,96.8,1,0,0,0,69,0,0,0,0,0,0,0,0,0,0,0,0,0,0,0,0,0,0,0,0,0,0,0,0,0,0,0,0,0,0,0,0,0,0,0,0,0,0,0,0,0,0,0,0,0,0,0,0,0,0,0,0,0,0,0,0,0,0,0,0,0,0,0,0,0,0,0,0,0,0,0,0,0,0,0,0,0,0,0,0,0,0,0,0,0,0,0,0,0,0,0,0,0,0,0,0,0,0,0,0,0,0,0,0,0,0,0,0,0,0,0
ArthCOI,ESV_069374,AGCATGAGCTGGAATAGTAGGAACTTCTATAAGAATAATTATTCGAGCAGAATTAGGTCAACCAGGATCTTTAATTGGAGATGACCAAATTTATAATGTAATTATTACAGCACACGCATTTTTAATAATGTTCTTTATAGTTATACCTATTATAATT,Eukaryota,Arthropoda,Insecta,Orthoptera,Acrididae,Melanoplus,,98.7,2,0,0,0,0,0,68,0,0,0,0,0,0,0,0,0,0,0,0,0,0,0,0,0,0,0,0,0,0,0,0,0,0,0,0,0,0,0,0,0,0,0,0,0,0,0,0,0,0,0,0,0,0,0,0,0,0,0,0,0,0,0,0,0,0,0,0,0,0,0,0,0,0,0,0,0,0,0,0,0,0,0,0,0,0,0,0,0,0,0,0,0,0,0,0,0,0,0,0,0,0,0,0,0,0,0,0,0,0,0,0,0,0,0,0,0
ArthCOI,ESV_069325,AGCTTGAGCTGCTATAGTTGGTACTGCAATAAGAGTATTAATTCGAATAGAGTTAGGTCAGGTTGGAAAGTTTTTAGGAGATGATCATTTATATAATGTAATTGTTACGGCTCATGCTTTTGTTATGATTTTTTTTATAGTTATACCTATTTTAATT,Eukaryota,Arthropoda,Arachnida,Araneae,,,,92.4,3,0,0,0,0,0,0,0,0,0,0,0,0,0,0,0,0,0,0,0,0,0,0,67,0,0,0,0,0,0,0,0,0,0,0,0,0,0,0,0,0,0,0,0,0,0,0,0,0,0,0,0,0,0,0,0,0,0,0,0,0,0,0,0,0,0,0,0,0,0,0,0,0,0,0,0,0,0,0,0,0,0,0,0,0,0,0,0,0,0,0,0,0,0,0,0,0,0,0,0,0,0,0,0,0,0,0,0,0,0,0,0,0,0,0,0
ArthCOI,ESV_069354,ATTCTGATCAGGCATACTAGGTTTATCATTTAGTATATTAATTCGAGTAGAATTAGGAATACCAGGATCCCTAATTGGAAGGGACCAAATTTATAATGTCATTGTTACATCCCATGCATTTTTAATAATTTTTTTCATAGTAATACCAATTATAATT,Eukaryota,Arthropoda,Insecta,Hymenoptera,Tenthredinidae,Monophadnoides,Monophadnoides geniculatus,94.3,1,0,0,0,0,0,0,0,0,0,0,0,0,0,0,64,0,0,0,0,0,0,0,0,0,0,0,0,0,0,0,0,0,0,0,0,0,0,0,0,0,0,0,0,0,0,0,0,0,0,0,0,0,0,0,0,0,0,0,0,0,0,0,0,0,0,0,0,0,0,0,0,0,0,0,0,0,0,0,0,0,0,0,0,0,0,0,0,0,0,0,0,0,0,0,0,0,0,0,0,0,0,0,0,0,0,0,0,0,0,0,0,0,0,0,0
ArthCOI,ESV_069290,AGTTTGATCAGCTATGGTTGGTACAGCTATAAGTGTTTTAATTCGTATAGAATTAGGTCGTCCTGGAAGATTTTTAGGTGACGATCATTTATATAATGTAATAGTAACTGCTCATGCTTTTGTAATAATTTTTTTTATAGTTATGCCAATTTTAATT,Eukaryota,Arthropoda,Arachnida,Araneae,Oxyopidae,Peucetia,Peucetia viridans,99.4,1,0,0,0,0,0,0,0,0,0,0,0,0,0,0,0,0,0,0,0,0,0,0,0,0,0,0,0,63,0,0,0,0,0,0,0,0,0,0,0,0,0,0,0,0,0,0,0,0,0,0,0,0,0,0,0,0,0,0,0,0,0,0,0,0,0,0,0,0,0,0,0,0,0,0,0,0,0,0,0,0,0,0,0,0,0,0,0,0,0,0,0,0,0,0,0,0,0,0,0,0,0,0,0,0,0,0,0,0,0,0,0,0,0,0,0
ArthCOI,ESV_069282,TATTTGAGCAGGAATAGTGGGAACTTCTTTAAGTTTATTAATTCGAGCTGAATTAGGAAACCCTGGATCATTAATTGGTGATGATCAAATTTATAATACTATTGTTACAGCTCATGCTTTTATTATAATTTTTTTTATAGTTATACCTATTATAATT,Eukaryota,Arthropoda,Insecta,Lepidoptera,Erebidae,Melipotis,Melipotis indomita,100,1,0,0,0,0,0,0,0,0,0,0,0,0,0,0,0,0,0,0,0,0,0,0,0,0,0,0,0,0,0,0,0,61,0,0,0,0,0,0,0,0,0,0,0,0,0,0,0,0,0,0,0,0,0,0,0,0,0,0,0,0,0,0,0,0,0,0,0,0,0,0,0,0,0,0,0,0,0,0,0,0,0,0,0,0,0,0,0,0,0,0,0,0,0,0,0,0,0,0,0,0,0,0,0,0,0,0,0,0,0,0,0,0,0,0,0
ArthCOI,ESV_069265,AGCTTGATCAGCTATAGCTGGTACAGCAATAAGAGTTTTGATTCGAATGGAGTTAGGTCAAGTTGGATCTTTTTTAGGAGATGATCAATTATATAATGTTGTAGTAACTGCTCATGCTTTTGTTATAATTTTTTTTATAGTTATACCTATTATAATT,Eukaryota,Arthropoda,Arachnida,Araneae,Cheiracanthiidae,Cheiracanthium,Cheiracanthium sp. BOLD:ABA9049,96.8,1,0,0,0,0,0,0,0,0,0,0,0,0,0,0,0,0,0,0,0,0,0,0,0,0,0,0,0,0,0,0,0,0,0,0,0,0,0,0,0,58,0,0,0,0,0,0,0,0,0,0,0,0,0,0,0,0,0,0,0,0,0,0,0,0,0,0,0,0,0,0,0,0,0,0,0,0,0,0,0,0,0,0,0,0,0,0,0,0,0,0,0,0,0,0,0,0,0,0,0,0,0,0,0,0,0,0,0,0,0,0,0,0,0,0,0
ArthCOI,ESV_069246,AATATGATCAGGAATAATTGGATTATCAATAAGTATATTAATTCGAATAGAATTAGGAATACCAGGGTCCATTATTGGAAATGATCAAATTTATAACACAATTGTAACTGCCCATGCATTCGTAATAATTTTCTTTATAGTTATACCTATTATAATT,Eukaryota,Arthropoda,Insecta,Phasmatodea,Heteronemiidae,,,96.8,1,0,0,0,0,0,0,0,0,0,0,0,0,0,0,0,0,0,0,0,0,0,0,0,0,0,0,0,0,0,0,0,0,0,0,0,0,0,0,0,0,0,0,0,0,0,0,0,58,0,0,0,0,0,0,0,0,0,0,0,0,0,0,0,0,0,0,0,0,0,0,0,0,0,0,0,0,0,0,0,0,0,0,0,0,0,0,0,0,0,0,0,0,0,0,0,0,0,0,0,0,0,0,0,0,0,0,0,0,0,0,0,0,0,0,0
ArthCOI,ESV_069335,AGCTTGATCAGCTATAGTTGGGACTGCAATAAGAGTTTTGATTCGTATAGAGTTAGGGAATGTAGGAAGATTATTAGGGGATGATCATTTATATAATGTAATTGTTACAGCTCATGCTTTTGTAATGATTTTTTTTATAGTAATACCTATTTTGATT,Eukaryota,Arthropoda,Arachnida,Araneae,Thomisidae,Xysticus,Xysticus ferox,100,1,0,0,0,0,0,0,0,0,0,0,0,0,0,0,0,0,56,0,0,0,0,0,0,0,0,0,0,0,0,0,0,0,0,0,0,0,0,0,0,0,0,0,0,0,0,0,0,0,0,0,0,0,0,0,0,0,0,0,0,0,0,0,0,0,0,0,0,0,0,0,0,0,0,0,0,0,0,0,0,0,0,0,0,0,0,0,0,0,0,0,0,0,0,0,0,0,0,0,0,0,0,0,0,0,0,0,0,0,0,0,0,0,0,0,0
ArthCOI,ESV_069291,AGTTTGGTCGGCTATAGTTGGTACAGCAATAAGTGTTTTCATTCGGATAGAATTAGGTCGTCCTGGAAGATTTTTAGGTGATGATCATTTATATAATGTAATAGTAACTGCTCATGCTTTTGTAATAATTTTTTTATGGTTATACCAATTTTAATT,Eukaryota,Arthropoda,Arachnida,Araneae,Oxyopidae,Peucetia,Peucetia viridans,94.3,1,0,0,0,0,0,0,0,0,0,0,0,0,0,0,0,0,0,0,0,0,0,0,0,0,0,0,0,56,0,0,0,0,0,0,0,0,0,0,0,0,0,0,0,0,0,0,0,0,0,0,0,0,0,0,0,0,0,0,0,0,0,0,0,0,0,0,0,0,0,0,0,0,0,0,0,0,0,0,0,0,0,0,0,0,0,0,0,0,0,0,0,0,0,0,0,0,0,0,0,0,0,0,0,0,0,0,0,0,0,0,0,0,0,0,0
ArthCOI,ESV_067972,AGTTTGATCAGCTATAGTTGGAACAGCTATAAGAGTTTTAATTCGAATAGAATTAGGACATTCTGGAAGAATATTAGGAGATGATCATTTATATAATGTAATTGTTACAGCACATGCATTTGTTATAATTTTTTTTATAGTTATACCAATTTTAATT,Eukaryota,Arthropoda,Arachnida,Araneae,Oxyopidae,Oxyopes,,96.2,3,0,0,0,0,0,0,0,0,0,0,0,0,0,0,0,0,0,0,0,0,0,0,56,0,0,0,0,0,0,0,0,0,0,0,0,0,0,0,0,0,0,0,0,0,0,0,0,0,0,0,0,0,0,0,0,0,0,0,0,0,0,0,0,0,0,0,0,0,0,0,0,0,0,0,0,0,0,0,0,0,0,0,0,0,0,0,0,0,0,0,0,0,0,0,0,0,0,0,0,0,0,0,0,0,0,0,0,0,0,0,0,0,0,0,0
ArthCOI,ESV_069336,TGCTTGAGCAGCTATAGTTGGTACGGCAATAAGTGTATTAATTCGAATAGAATTAGGACAAGTTGGAAAATTTTTAGGAGATGATCATTTATATAATGTAATTGTGACAGCTCATGCATTTGTGATAATTTTTTTTATAGTGATGCCTATTTTAATT,Eukaryota,Arthropoda,Arachnida,Araneae,Philodromidae,Philodromus,,98.7,4,0,0,0,0,0,0,0,0,0,0,0,0,0,0,0,0,53,0,0,0,0,0,0,0,0,0,0,0,0,0,0,0,0,0,0,0,0,0,0,0,0,0,0,0,0,0,0,0,0,0,0,0,0,0,0,0,0,0,0,0,0,0,0,0,0,0,0,0,0,0,0,0,0,0,0,0,0,0,0,0,0,0,0,0,0,0,0,0,0,0,0,0,0,0,0,0,0,0,0,0,0,0,0,0,0,0,0,0,0,0,0,0,0,0,0
ArthCOI,ESV_069305,TATTTGAGCAGGAATAGTAGGAACTTCTTTAAGTTTGTTAATTCGAGCTGAATTAGGAAACCCTGGATCATTAATTGGTGATGATCAAATTTATAATACTATTGTTACAGCTCATGCTTTTATTATAATTTTTTTTATAGTTATACCAATTATAATT,Eukaryota,Arthropoda,Insecta,Lepidoptera,Erebidae,Melipotis,,99.4,2,0,0,0,0,0,0,0,0,0,0,0,0,0,0,0,0,0,0,0,0,0,0,0,0,0,53,0,0,0,0,0,0,0,0,0,0,0,0,0,0,0,0,0,0,0,0,0,0,0,0,0,0,0,0,0,0,0,0,0,0,0,0,0,0,0,0,0,0,0,0,0,0,0,0,0,0,0,0,0,0,0,0,0,0,0,0,0,0,0,0,0,0,0,0,0,0,0,0,0,0,0,0,0,0,0,0,0,0,0,0,0,0,0,0,0
ArthCOI,ESV_069370,AATATGATCAGGAATAATTGGATTATCAATAAGTATATTAATTCGAATAGAATTAGTGATACCAGGGTCCATTATTGGAAATGATCAAATTTATAACACAATTGTAACTGCCCATGCATTCGTAATAATTTTTTTTATAGTTATACCTATTATAATT,Eukaryota,Arthropoda,Insecta,Phasmatodea,Heteronemiidae,,,96.2,1,0,0,0,0,0,0,51,0,0,0,0,0,0,0,0,0,0,0,0,0,0,0,0,0,0,0,0,0,0,0,0,0,0,0,0,0,0,0,0,0,0,0,0,0,0,0,0,0,0,0,0,0,0,0,0,0,0,0,0,0,0,0,0,0,0,0,0,0,0,0,0,0,0,0,0,0,0,0,0,0,0,0,0,0,0,0,0,0,0,0,0,0,0,0,0,0,0,0,0,0,0,0,0,0,0,0,0,0,0,0,0,0,0,0,0
ArthCOI,ESV_069368,AATTTGATCTGGGATATTAGGATTTTCAATAAGTTTGTTAATTCGTTTGGAATTAGGTATACCAGGTAATTTAATTGGAAATGATCAAATTTATAATAGAATTGTAACTTCACATGCTTTTATTATAATTTTTTTTATAGTTATACCAATTATAATT,Eukaryota,Arthropoda,Insecta,Hymenoptera,Braconidae,Microplitis,,95.5,7,0,0,0,0,0,0,0,0,0,50,0,0,0,0,0,0,0,0,0,0,0,0,0,0,0,0,0,0,0,0,0,0,0,0,0,0,0,0,0,0,0,0,0,0,0,0,0,0,0,0,0,0,0,0,0,0,0,0,0,0,0,0,0,0,0,0,0,0,0,0,0,0,0,0,0,0,0,0,0,0,0,0,0,0,0,0,0,0,0,0,0,0,0,0,0,0,0,0,0,0,0,0,0,0,0,0,0,0,0,0,0,0,0,0,0
ArthCOI,ESV_069306,AATTTGAGCAGGAATAGTAGGAACTTCTTTAAGATTATTAATTCGTGCAGAATTAGGAACTCCTGGATCATTAATTGGCGATGATCAAATTTATAATACTATTGTCACAGCTCACGCTTTCATTATAATTTTTTTTATAGTTATACCTATTATAATT,Eukaryota,Arthropoda,Insecta,Lepidoptera,Erebidae,Hypena,Hypena scabra,100,1,0,0,0,0,0,0,0,0,0,0,0,0,0,0,0,0,0,0,0,0,0,0,0,0,0,50,0,0,0,0,0,0,0,0,0,0,0,0,0,0,0,0,0,0,0,0,0,0,0,0,0,0,0,0,0,0,0,0,0,0,0,0,0,0,0,0,0,0,0,0,0,0,0,0,0,0,0,0,0,0,0,0,0,0,0,0,0,0,0,0,0,0,0,0,0,0,0,0,0,0,0,0,0,0,0,0,0,0,0,0,0,0,0,0,0
ArthCOI,ESV_069266,TGCTTGAGCTGCAATAGTTGGTACTGCAATGAGTGTATTAATTCGAATAGAATTAGGTCAGACTGGTTCATTTATAGGAAATGATCATATATATAATGTGATTGTAACTGCTCATGCTTTTGTTATGATTTTTTTTATAGTAATACCTATTATGATC,Eukaryota,Arthropoda,Arachnida,Araneae,Salticidae,Phidippus,,95.5,4,0,0,0,0,0,0,0,0,0,0,0,0,0,0,0,0,0,0,0,0,0,0,0,0,0,0,0,0,0,0,0,0,0,0,0,0,0,0,0,50,0,0,0,0,0,0,0,0,0,0,0,0,0,0,0,0,0,0,0,0,0,0,0,0,0,0,0,0,0,0,0,0,0,0,0,0,0,0,0,0,0,0,0,0,0,0,0,0,0,0,0,0,0,0,0,0,0,0,0,0,0,0,0,0,0,0,0,0,0,0,0,0,0,0,0
ArthCOI,ESV_069393,TATTTGATCTGGTATAGTAGGTACTTCCTTAAGTTTATTAATTCGAGCAGAATTAGGTAATCCGGGATCTTTAATTGGAGATGATCAAATTTATAATACTATTGTTACTAGTCACGCTTTTATTATAATTTTTTTCATAGTTATACCAATTATAATG,Eukaryota,Arthropoda,Insecta,Lepidoptera,Pyralidae,Macalla,Macalla zelleri,99.4,1,0,0,0,49,0,0,0,0,0,0,0,0,0,0,0,0,0,0,0,0,0,0,0,0,0,0,0,0,0,0,0,0,0,0,0,0,0,0,0,0,0,0,0,0,0,0,0,0,0,0,0,0,0,0,0,0,0,0,0,0,0,0,0,0,0,0,0,0,0,0,0,0,0,0,0,0,0,0,0,0,0,0,0,0,0,0,0,0,0,0,0,0,0,0,0,0,0,0,0,0,0,0,0,0,0,0,0,0,0,0,0,0,0,0,0
ArthCOI,ESV_069401,AATATGATCAGGAATAATTGGATTATCAATGAGTATATTAATTCGAATAGAATTAGGGATACCAGGGTCCATTATTGGAAATGATCAAATTTATAACACAATTGTAACTGCCCATGCATTCGTAATAATTTTTTTTATAGTTATACCTATTATAATT,Eukaryota,Arthropoda,Insecta,Phasmatodea,Heteronemiidae,,,96.2,1,49,0,0,0,0,0,0,0,0,0,0,0,0,0,0,0,0,0,0,0,0,0,0,0,0,0,0,0,0,0,0,0,0,0,0,0,0,0,0,0,0,0,0,0,0,0,0,0,0,0,0,0,0,0,0,0,0,0,0,0,0,0,0,0,0,0,0,0,0,0,0,0,0,0,0,0,0,0,0,0,0,0,0,0,0,0,0,0,0,0,0,0,0,0,0,0,0,0,0,0,0,0,0,0,0,0,0,0,0,0,0,0,0,0,0
ArthCOI,ESV_005934,TGCTTGATCTGCTATATCAGGAACAGCTTTAAGAGTAATTATTCGAGCAGAGCTTGGGCAACCTGGAACATTAATTGGGAATGATCAAATTTATAATAGAATTGTTACTGCCCATGCATTTATTATGATTTTTTTTATAGTAATACCAATCATAATT,Eukaryota,Arthropoda,Ostracoda,Podocopida,Cyprididae,Cypridopsis,Cypridopsis vidua,100,1,0,0,0,0,0,0,0,0,0,0,0,0,0,0,0,0,0,0,0,49,0,0,0,0,0,0,0,0,0,0,0,0,0,0,0,0,0,0,0,0,0,0,0,0,0,0,0,0,0,0,0,0,0,0,0,0,0,0,0,0,0,0,0,0,0,0,0,0,0,0,0,0,0,0,0,0,0,0,0,0,0,0,0,0,0,0,0,0,0,0,0,0,0,0,0,0,0,0,0,0,0,0,0,0,0,0,0,0,0,0,0,0,0,0,0
ArthCOI,ESV_022209,GATATTTTCGGCAGTAATTGGTACCGCGTTATCTTTTTTTATTCGTTTAGAATTAGCCACTCCGGGTAATCAATTTTTAATGGGTAACCACCAATTATATAATGTTTTAGTAACTGCACATGCATTTATTATGATTTTTTTTATGGTTATGCCAATTTTAATC,Eukaryota,Oomycota,unk_class,Saprolegniales,Saprolegniaceae,,,82.2,6,0,0,0,0,0,0,0,48,0,0,0,0,0,0,0,0,0,0,0,0,0,0,0,0,0,0,0,0,0,0,0,0,0,0,0,0,0,0,0,0,0,0,0,0,0,0,0,0,0,0,0,0,0,0,0,0,0,0,0,0,0,0,0,0,0,0,0,0,0,0,0,0,0,0,0,0,0,0,0,0,0,0,0,0,0,0,0,0,0,0,0,0,0,0,0,0,0,0,0,0,0,0,0,0,0,0,0,0,0,0,0,0,0,0,0
ArthCOI,ESV_069375,AATATGATCAGGAATAATTGGATTATCAATAAGTATATTAATTCGAATAGAATTAGGAATACCAGGGTCCATTATTGGAAATGATCAAATTTATAACACAATTGTAACTGCCCATGCATTCGCAATAATTTTTTTTATAGTTATACCTATTATAATT,Eukaryota,Arthropoda,Insecta,Phasmatodea,Heteronemiidae,,,96.8,1,0,0,0,0,0,47,0,0,0,0,0,0,0,0,0,0,0,0,0,0,0,0,0,0,0,0,0,0,0,0,0,0,0,0,0,0,0,0,0,0,0,0,0,0,0,0,0,0,0,0,0,0,0,0,0,0,0,0,0,0,0,0,0,0,0,0,0,0,0,0,0,0,0,0,0,0,0,0,0,0,0,0,0,0,0,0,0,0,0,0,0,0,0,0,0,0,0,0,0,0,0,0,0,0,0,0,0,0,0,0,0,0,0,0,0
ArthCOI,ESV_069337,AATTTGAGCAGGAATAGTAGGAACTTCTTTAAGTTTATTAATTCGAGCAGAATTAGGAAATCCAGGTTCATTAATTGGGGATGATCAAATTTATAATACAATTGTTACAGCTCATGCATTTATTATAATTTTTTTTATAGTTATACCAATTATAATT,Eukaryota,Arthropoda,Insecta,Lepidoptera,Tortricidae,Sparganothis,Sparganothis pulcherrimana,99.4,1,0,0,0,0,0,0,0,0,0,0,0,0,0,0,0,0,47,0,0,0,0,0,0,0,0,0,0,0,0,0,0,0,0,0,0,0,0,0,0,0,0,0,0,0,0,0,0,0,0,0,0,0,0,0,0,0,0,0,0,0,0,0,0,0,0,0,0,0,0,0,0,0,0,0,0,0,0,0,0,0,0,0,0,0,0,0,0,0,0,0,0,0,0,0,0,0,0,0,0,0,0,0,0,0,0,0,0,0,0,0,0,0,0,0,0
ArthCOI,ESV_034592,GGCATGGGCTGCTATATTAGGAACAGCAATAAGAGTATTAATTCGAATTGAGTTAGGTCAACCGGGTAGATTTATAGGTGATGACCAATTATATAATGTAATTGTAACTGCTCATGCATTTGTAATAATTTTTTTTATGGTTATGCCAATTTTAATT,Eukaryota,Arthropoda,Arachnida,Araneae,Araneidae,Neoscona,Neoscona crucifera,100,1,0,0,0,0,0,0,0,0,0,0,0,0,0,0,0,0,0,0,0,0,0,0,0,0,0,0,0,0,0,0,0,0,0,0,0,0,0,47,0,0,0,0,0,0,0,0,0,0,0,0,0,0,0,0,0,0,0,0,0,0,0,0,0,0,0,0,0,0,0,0,0,0,0,0,0,0,0,0,0,0,0,0,0,0,0,0,0,0,0,0,0,0,0,0,0,0,0,0,0,0,0,0,0,0,0,0,0,0,0,0,0,0,0,0,0
ArthCOI,ESV_069267,AGCATGAGCAGGTATAGTTGGTACATCTTTAAGTTTACTGATTCGAGCTGAGCTAGGGCAACCAGGTTACTTAATTGGAGATGACCAAATTTATAATGTAATTGTTACTGCTCATGCTTTTGTAATAATTTTCTTTATAGTAATACCTATTATGATT,Eukaryota,Arthropoda,Insecta,,,,,90.4,7,0,0,0,0,0,0,0,0,0,0,0,0,0,0,0,0,0,0,0,0,0,0,0,0,0,0,0,0,0,0,0,0,0,0,0,0,0,0,0,46,0,0,0,0,0,0,0,0,0,0,0,0,0,0,0,0,0,0,0,0,0,0,0,0,0,0,0,0,0,0,0,0,0,0,0,0,0,0,0,0,0,0,0,0,0,0,0,0,0,0,0,0,0,0,0,0,0,0,0,0,0,0,0,0,0,0,0,0,0,0,0,0,0,0,0
ArthCOI,ESV_069268,AGCTTGATCAGCTATAGCTGGTACAGCAATAAGAGTTTTGATTCGAATGGAGTTAGGTCAAGTTGGATCTTTTTTAGGAGATGATCAATTATATAATGTTGTAGTAACTGCTCATGCTTTTGTTATAATTTTTTTTATAGTAATACCTATTATAATT,Eukaryota,Arthropoda,Arachnida,Araneae,Cheiracanthiidae,Cheiracanthium,Cheiracanthium sp. BOLD:ABA9049,97.5,1,0,0,0,0,0,0,0,0,0,0,0,0,0,0,0,0,0,0,0,0,0,0,0,0,0,0,0,0,0,0,0,0,0,0,0,0,0,0,0,44,0,0,0,0,0,0,0,0,0,0,0,0,0,0,0,0,0,0,0,0,0,0,0,0,0,0,0,0,0,0,0,0,0,0,0,0,0,0,0,0,0,0,0,0,0,0,0,0,0,0,0,0,0,0,0,0,0,0,0,0,0,0,0,0,0,0,0,0,0,0,0,0,0,0,0
ArthCOI,ESV_069402,AACATGATCAGGAATAATTGGATTATCAATAAGTATATTAATTCGAATAGAATTAGGGATACCAGGGTCCATTATTGGAAATGATCAAATTTATAACACAATTGTAACTGCCCATGCATTCGTAATAATTTTTTTTATAGTTATACCTATTATAATT,Eukaryota,Arthropoda,Insecta,Phasmatodea,Heteronemiidae,,,96.2,1,42,0,0,0,0,0,0,0,0,0,0,0,0,0,0,0,0,0,0,0,0,0,0,0,0,0,0,0,0,0,0,0,0,0,0,0,0,0,0,0,0,0,0,0,0,0,0,0,0,0,0,0,0,0,0,0,0,0,0,0,0,0,0,0,0,0,0,0,0,0,0,0,0,0,0,0,0,0,0,0,0,0,0,0,0,0,0,0,0,0,0,0,0,0,0,0,0,0,0,0,0,0,0,0,0,0,0,0,0,0,0,0,0,0,0
ArthCOI,ESV_069362,GGCTTGAGCTGCTATAGTTGGTACTGCAATGAGTGTATTAATTCGAATTGAATTAGGTCAACCTGGAAGATTTTTGGGAAATGATCAAATATATAATGTTATAGTTACTGCTCATGCTTTTGTTATGATTTTTTTTATAGTGATACCAATTTTGATT,Eukaryota,Arthropoda,Arachnida,Araneae,Dictynidae,Dictyna,,99.4,2,0,0,0,0,0,0,0,0,0,0,42,0,0,0,0,0,0,0,0,0,0,0,0,0,0,0,0,0,0,0,0,0,0,0,0,0,0,0,0,0,0,0,0,0,0,0,0,0,0,0,0,0,0,0,0,0,0,0,0,0,0,0,0,0,0,0,0,0,0,0,0,0,0,0,0,0,0,0,0,0,0,0,0,0,0,0,0,0,0,0,0,0,0,0,0,0,0,0,0,0,0,0,0,0,0,0,0,0,0,0,0,0,0,0,0
ArthCOI,ESV_069349,TATCTGGTCTGGAATAGTAGGAATAATACTAAGAATAATTATTCGGATTGAATTATCCCAACCAGGGTCAGTAATTAATAACGATCAAGCCTATAATGTAATCATTACATCTCATGCATTCATCATAATTTTCTTTATAGTTATGCCAATTATAATC,Eukaryota,Arthropoda,Insecta,Hemiptera,Cicadellidae,Driotura,Driotura robusta,98.1,1,0,0,0,0,0,0,0,0,0,0,0,0,0,0,0,40,0,0,0,0,0,0,0,0,0,0,0,0,0,0,0,0,0,0,0,0,0,0,0,0,0,0,0,0,0,0,0,0,0,0,0,0,0,0,0,0,0,0,0,0,0,0,0,0,0,0,0,0,0,0,0,0,0,0,0,0,0,0,0,0,0,0,0,0,0,0,0,0,0,0,0,0,0,0,0,0,0,0,0,0,0,0,0,0,0,0,0,0,0,0,0,0,0,0,0
ArthCOI,ESV_069376,AGCATGAGCTGGAATAGTAGGAACTTCTATAAGAATAATTATTCGAGCAGAATTAGGTCAACCAGGATCTTTAATTGGAGATGACCAAATTTACAATATAATTATTACAGCACACGCATTTGTAATAATTTTCTTTATAGTTATACCTATTATAATT,Eukaryota,Arthropoda,Insecta,Orthoptera,Acrididae,,,98.7,3,0,0,0,0,0,39,0,0,0,0,0,0,0,0,0,0,0,0,0,0,0,0,0,0,0,0,0,0,0,0,0,0,0,0,0,0,0,0,0,0,0,0,0,0,0,0,0,0,0,0,0,0,0,0,0,0,0,0,0,0,0,0,0,0,0,0,0,0,0,0,0,0,0,0,0,0,0,0,0,0,0,0,0,0,0,0,0,0,0,0,0,0,0,0,0,0,0,0,0,0,0,0,0,0,0,0,0,0,0,0,0,0,0,0,0
ArthCOI,ESV_000224,GGCCATTTCAGGTGTAGCTGGAACTGCTTTATCTTTATATATTCGAATAACCTTGGCACAACCTAATGGTAGTTTTTTAGAATATAATCATCACCTATATAATGTTATTGTTACAGGTCATGCTATATTAATGATTTTTTTTATGGTAATGCCAACTTTAATC,Eukaryota,,,,,,,89,2,0,0,0,0,0,0,0,0,0,0,0,0,37,0,0,0,0,0,0,0,0,0,0,0,0,0,0,0,0,0,0,0,0,0,0,0,0,0,0,0,0,0,0,0,0,0,0,0,0,0,0,0,0,0,0,0,0,0,0,0,0,0,0,0,0,0,0,0,0,0,0,0,0,0,0,0,0,0,0,0,0,0,0,0,0,0,0,0,0,0,0,0,0,0,0,0,0,0,0,0,0,0,0,0,0,0,0,0,0,0,0,0,0,0,0
ArthCOI,ESV_069328,AATTTGATCAGGTATGATTGGAACAACAATAAGAATTTTGATTCGTGTAGAATTAGGAATTCCTGGTTCATTTATTGGTGATGATCAAATTTATAATGTTATTGTTACTGCTCATGCTTTTATTATAATTTTTTTTATAGTTATACCAATTATAATT,Eukaryota,Arthropoda,Insecta,Hemiptera,Cicadidae,Galanga,Galanga labeculata,93,1,0,0,0,0,0,0,0,0,0,0,0,0,0,0,0,0,0,0,0,0,0,37,0,0,0,0,0,0,0,0,0,0,0,0,0,0,0,0,0,0,0,0,0,0,0,0,0,0,0,0,0,0,0,0,0,0,0,0,0,0,0,0,0,0,0,0,0,0,0,0,0,0,0,0,0,0,0,0,0,0,0,0,0,0,0,0,0,0,0,0,0,0,0,0,0,0,0,0,0,0,0,0,0,0,0,0,0,0,0,0,0,0,0,0,0
ArthCOI,ESV_069394,AATATGATCAGGAATAATTGGATTATCAATAAGTATATTAATTCGAATAGAATTAGGAATACCAGGGTCCATTATTGGAAATGATCAAATTTATAACACAATTGTAACTGCCCATGCATTCGTAATAATTTTTTTCATAGTTATACCAATTATAATT,Eukaryota,Arthropoda,Insecta,Phasmatodea,Heteronemiidae,,,96.2,1,0,0,0,37,0,0,0,0,0,0,0,0,0,0,0,0,0,0,0,0,0,0,0,0,0,0,0,0,0,0,0,0,0,0,0,0,0,0,0,0,0,0,0,0,0,0,0,0,0,0,0,0,0,0,0,0,0,0,0,0,0,0,0,0,0,0,0,0,0,0,0,0,0,0,0,0,0,0,0,0,0,0,0,0,0,0,0,0,0,0,0,0,0,0,0,0,0,0,0,0,0,0,0,0,0,0,0,0,0,0,0,0,0,0,0
ArthCOI,ESV_069355,ATTATGGGCAGGAATGTTAGGAACTTCAATAAGATGAATTATTCGAATTGAATTAAGACAACCTGGGCCATTCATTGGAAACGATCAAATTTATAATGTAATTGTAACCGCTCACGCTTTCATTATAATTTTTTTCATAGTTATACCCATTATAATT,Eukaryota,Arthropoda,Insecta,Hemiptera,Tingidae,Corythucha,,95.5,4,0,0,0,0,0,0,0,0,0,0,0,0,0,0,36,0,0,0,0,0,0,0,0,0,0,0,0,0,0,0,0,0,0,0,0,0,0,0,0,0,0,0,0,0,0,0,0,0,0,0,0,0,0,0,0,0,0,0,0,0,0,0,0,0,0,0,0,0,0,0,0,0,0,0,0,0,0,0,0,0,0,0,0,0,0,0,0,0,0,0,0,0,0,0,0,0,0,0,0,0,0,0,0,0,0,0,0,0,0,0,0,0,0,0,0
ArthCOI,ESV_069363,AATATGATCAGGAATAATTGGATTATCTATAAGTATATTAATTCGTATAGAATTAGGAATACCAGGATCCATTATTGGGAATGATCAAATTTATAATACTATTGTAACTGCTCATGCATTTGTAATAATTTTTTTATAGTTATACCTATTATAATT,Eukaryota,Arthropoda,Insecta,Phasmatodea,Diapheromeridae,,,98.1,1,0,0,0,0,0,0,0,0,0,0,34,0,0,0,0,0,0,0,0,0,0,0,0,0,0,0,0,0,0,0,0,0,0,0,0,0,0,0,0,0,0,0,0,0,0,0,0,0,0,0,0,0,0,0,0,0,0,0,0,0,0,0,0,0,0,0,0,0,0,0,0,0,0,0,0,0,0,0,0,0,0,0,0,0,0,0,0,0,0,0,0,0,0,0,0,0,0,0,0,0,0,0,0,0,0,0,0,0,0,0,0,0,0,0,0
ArthCOI,ESV_069356,AATTTGAGCAGGAATAGTGGGAACTTCTCTTAGTTTATTAATTCGATCTGAATTAGGAAATCCAGGTTCATTAATTGGAGATGATCAAATTTATAATACTATTGTTACAGCTCATGCTTTTATTATAATTTTTTTTATAGTTATACCTATTATAATT,Eukaryota,Arthropoda,Insecta,Lepidoptera,Nymphalidae,Asterocampa,,99.4,2,0,0,0,0,0,0,0,0,0,0,0,0,0,0,34,0,0,0,0,0,0,0,0,0,0,0,0,0,0,0,0,0,0,0,0,0,0,0,0,0,0,0,0,0,0,0,0,0,0,0,0,0,0,0,0,0,0,0,0,0,0,0,0,0,0,0,0,0,0,0,0,0,0,0,0,0,0,0,0,0,0,0,0,0,0,0,0,0,0,0,0,0,0,0,0,0,0,0,0,0,0,0,0,0,0,0,0,0,0,0,0,0,0,0,0
ArthCOI,ESV_069381,AGCTTGATCAGCTATAGTAGGAACGGCTATAAGAGTATTAATTCGAATTGAATTAGGTCAACCTGGAAGATTCATGGGTGATGATCAATTATATAATGTTATTGTTACTGCTCATGCATTTGTTATAATTTTTTTTATAGTAATACCTATTTTAATT,Eukaryota,Arthropoda,Arachnida,Araneae,,,,94.3,2,0,0,0,0,33,0,0,0,0,0,0,0,0,0,0,0,0,0,0,0,0,0,0,0,0,0,0,0,0,0,0,0,0,0,0,0,0,0,0,0,0,0,0,0,0,0,0,0,0,0,0,0,0,0,0,0,0,0,0,0,0,0,0,0,0,0,0,0,0,0,0,0,0,0,0,0,0,0,0,0,0,0,0,0,0,0,0,0,0,0,0,0,0,0,0,0,0,0,0,0,0,0,0,0,0,0,0,0,0,0,0,0,0,0,0
ArthCOI,ESV_029452,AATTTGAGCAGGAATAGTAGGAACTTCTTTAAGTTTGTTAATTCGAGCTGAATTAGGAAACCCTGGATCATTAATTGGTGATGATCAAATTTATAATACTATTGTTACAGCTCATGCTTTTATTATAATTTTTTTTATAGTTATACCTATTATAATT,Eukaryota,Arthropoda,Insecta,Lepidoptera,Erebidae,Melipotis,,99.4,2,0,0,0,0,0,0,0,0,0,0,0,0,0,0,0,0,0,0,0,0,0,0,0,0,0,33,0,0,0,0,0,0,0,0,0,0,0,0,0,0,0,0,0,0,0,0,0,0,0,0,0,0,0,0,0,0,0,0,0,0,0,0,0,0,0,0,0,0,0,0,0,0,0,0,0,0,0,0,0,0,0,0,0,0,0,0,0,0,0,0,0,0,0,0,0,0,0,0,0,0,0,0,0,0,0,0,0,0,0,0,0,0,0,0,0
ArthCOI,ESV_069329,AATTTGATCAGGTATGATTGGAACAACAATAAGAATTTTGATTCGTGTAGAATTAGGAATTCCTGGTTCATTTATTGGTGATGATCAAATTTATAATGTTATTGTTACTGCTCATGCTTTTATTATAATTTTTTTTATAGTTATACCTATTATAATT,Eukaryota,Arthropoda,Insecta,Hemiptera,Cicadidae,Galanga,Galanga labeculata,92.4,1,0,0,0,0,0,0,0,0,0,0,0,0,0,0,0,0,0,0,0,0,0,32,0,0,0,0,0,0,0,0,0,0,0,0,0,0,0,0,0,0,0,0,0,0,0,0,0,0,0,0,0,0,0,0,0,0,0,0,0,0,0,0,0,0,0,0,0,0,0,0,0,0,0,0,0,0,0,0,0,0,0,0,0,0,0,0,0,0,0,0,0,0,0,0,0,0,0,0,0,0,0,0,0,0,0,0,0,0,0,0,0,0,0,0,0
ArthCOI,ESV_069364,AATTTGAGCTGGTATAATTGGAACCTCATTAAGATTATTAATTCGAGCAGAATTAGGAAATCCTGGCTCTTTAATTGGAGATGATCAAATTTATAATACTATTGTAACAGCCCATGCTTTCATCATAATTTCTTTTATAGTTATACCTATTATAATT,Eukaryota,Arthropoda,Insecta,Lepidoptera,Erebidae,Plusiodonta,Plusiodonta compressipalpis,99.4,1,0,0,0,0,0,0,0,0,0,0,32,0,0,0,0,0,0,0,0,0,0,0,0,0,0,0,0,0,0,0,0,0,0,0,0,0,0,0,0,0,0,0,0,0,0,0,0,0,0,0,0,0,0,0,0,0,0,0,0,0,0,0,0,0,0,0,0,0,0,0,0,0,0,0,0,0,0,0,0,0,0,0,0,0,0,0,0,0,0,0,0,0,0,0,0,0,0,0,0,0,0,0,0,0,0,0,0,0,0,0,0,0,0,0,0
ArthCOI,ESV_069326,TATTTGATCTGGTATAATTGGGACTACTTTGAGATTATTAATTCGTATTGAATTAGGTAATCCAGGGTCATTTATTGGTGATGATCAAATTTATAATGTAGTTGTTACAGCTCACGCATTTATTATAATTTTTTTTATGGTTATACCAATTATAATC,Eukaryota,Arthropoda,Insecta,Hemiptera,Aphrophoridae,Lepyronia,,99.4,2,0,0,0,0,0,0,0,0,0,0,0,0,0,0,0,0,0,0,0,0,0,0,32,0,0,0,0,0,0,0,0,0,0,0,0,0,0,0,0,0,0,0,0,0,0,0,0,0,0,0,0,0,0,0,0,0,0,0,0,0,0,0,0,0,0,0,0,0,0,0,0,0,0,0,0,0,0,0,0,0,0,0,0,0,0,0,0,0,0,0,0,0,0,0,0,0,0,0,0,0,0,0,0,0,0,0,0,0,0,0,0,0,0,0,0
ArthCOI,ESV_069280,AATATGATCAGGTATAGTTGGAATAATATTAAGTATAATTATTCGAGTTGAATTAGGTCAACCTGGTCCATTCTTAAACAATGACCAAATTTATAATACAATCATTACCTCCCATGCTTTTATTATAATTTTTTTCATAGTTATACCAATCATAATT,Eukaryota,Arthropoda,Insecta,Hemiptera,Membracidae,,,100,2,0,0,0,0,0,0,0,0,0,0,0,0,0,0,0,0,0,0,0,0,0,0,0,0,0,0,0,0,0,0,0,0,31,0,0,0,0,0,0,0,0,0,0,0,0,0,0,0,0,0,0,0,0,0,0,0,0,0,0,0,0,0,0,0,0,0,0,0,0,0,0,0,0,0,0,0,0,0,0,0,0,0,0,0,0,0,0,0,0,0,0,0,0,0,0,0,0,0,0,0,0,0,0,0,0,0,0,0,0,0,0,0,0,0,0
ArthCOI,ESV_069269,AGCATGAGCAGGTATAGTTGGTACATCTTTAAGTTTACTGATTCGAGCTGAGCTAGGGCAACCAGGTTACTTAATTGGAGATGACCAAATTTATAATGTAATTGTTACTGCTCATGCTTTTGTAATAATTTTCTTTATAGTTATACCTATTATAATT,Eukaryota,Arthropoda,Insecta,,,,,91.1,5,0,0,0,0,0,0,0,0,0,0,0,0,0,0,0,0,0,0,0,0,0,0,0,0,0,0,0,0,0,0,0,0,0,0,0,0,0,0,0,31,0,0,0,0,0,0,0,0,0,0,0,0,0,0,0,0,0,0,0,0,0,0,0,0,0,0,0,0,0,0,0,0,0,0,0,0,0,0,0,0,0,0,0,0,0,0,0,0,0,0,0,0,0,0,0,0,0,0,0,0,0,0,0,0,0,0,0,0,0,0,0,0,0,0,0
ArthCOI,ESV_069307,AATTTGAGCAGGAATAGTAGGAACATCTTTAAGTTTATTAATTCGAGCTGAATTAGGGACCCCTGGAACTTTAATTGGAGATGATCAAATTTATAATACTATTGTAACAGCTCATGCTTTTATTATAATTTTTTTTATAGTTATACCAATTATAATT,Eukaryota,Arthropoda,Insecta,Lepidoptera,Notodontidae,Lochmaeus,,99.4,2,0,0,0,0,0,0,0,0,0,0,0,0,0,0,0,0,0,0,0,0,0,0,0,0,0,30,0,0,0,0,0,0,0,0,0,0,0,0,0,0,0,0,0,0,0,0,0,0,0,0,0,0,0,0,0,0,0,0,0,0,0,0,0,0,0,0,0,0,0,0,0,0,0,0,0,0,0,0,0,0,0,0,0,0,0,0,0,0,0,0,0,0,0,0,0,0,0,0,0,0,0,0,0,0,0,0,0,0,0,0,0,0,0,0,0
ArthCOI,ESV_038687,AACATTTAGCGGTATACTAGGAATAATACTTCCCATGTTAATCCTTTTTGAATTAGCATTTCCAGGAAATACTTTTCTTGCGGGAAATCATCAATTATATAATGTTGTTGTTACTGCGCATGCGTTATTAATGATTTTTTTTATGGTAATGCCTATTTTAATT,Eukaryota,,,,,,,76.1,9,0,0,0,0,0,0,0,0,0,0,0,0,0,0,0,0,0,0,0,0,0,0,0,0,0,0,0,0,0,0,0,0,0,0,0,0,30,0,0,0,0,0,0,0,0,0,0,0,0,0,0,0,0,0,0,0,0,0,0,0,0,0,0,0,0,0,0,0,0,0,0,0,0,0,0,0,0,0,0,0,0,0,0,0,0,0,0,0,0,0,0,0,0,0,0,0,0,0,0,0,0,0,0,0,0,0,0,0,0,0,0,0,0,0,0
ArthCOI,ESV_069333,TATTTGAGCTGGAATAGTTGGTACTTCTCTAAGATTACTAATTCGTGCTGAATTAGGTAATCCCGGTTCTCTAATTGGAGATGATCAAATTTATAATACTATTGTAACAGCTCATGCTTTTATTATAATTTTTTTTATAGTAATACCTATTATAATT,Eukaryota,Arthropoda,Insecta,Lepidoptera,Noctuidae,Cerma,Cerma cerintha,100,1,0,0,0,0,0,0,0,0,0,0,0,0,0,0,0,0,0,0,29,0,0,0,0,0,0,0,0,0,0,0,0,0,0,0,0,0,0,0,0,0,0,0,0,0,0,0,0,0,0,0,0,0,0,0,0,0,0,0,0,0,0,0,0,0,0,0,0,0,0,0,0,0,0,0,0,0,0,0,0,0,0,0,0,0,0,0,0,0,0,0,0,0,0,0,0,0,0,0,0,0,0,0,0,0,0,0,0,0,0,0,0,0,0,0,0
ArthCOI,ESV_055046,AATTTGAGCAGGAATAGTAGGAACATCTTTAAGTTTATTAATTCGAGCTGAATTAGGAAATCCAGGTTCATTAATTGGTGATGATCAAATTTATAATACTATTGTAACAGCCCATGCATTTATTATAATTTTTTTTATAGTTATACCTATTATAATT,Eukaryota,Arthropoda,Insecta,Lepidoptera,Crambidae,Udea,Udea rubigalis,100,1,0,0,0,0,0,0,0,0,0,0,0,0,0,0,0,29,0,0,0,0,0,0,0,0,0,0,0,0,0,0,0,0,0,0,0,0,0,0,0,0,0,0,0,0,0,0,0,0,0,0,0,0,0,0,0,0,0,0,0,0,0,0,0,0,0,0,0,0,0,0,0,0,0,0,0,0,0,0,0,0,0,0,0,0,0,0,0,0,0,0,0,0,0,0,0,0,0,0,0,0,0,0,0,0,0,0,0,0,0,0,0,0,0,0,0
ArthCOI,ESV_069309,AATTTGAGCAGGAATAGTAGGAACATCTTTAAGTTTATTAATTCGAGCTGAATTAGGGACCCCTGGAACTTTAATTGGAGATGATCAAATTTATAATACTATTGTTACAGCTCATGCTTTTATTATAATTTTTTTTATAGTTATACCTATTATAATT,Eukaryota,Arthropoda,Insecta,Lepidoptera,Notodontidae,Lochmaeus,,99.4,2,0,0,0,0,0,0,0,0,0,0,0,0,0,0,0,0,0,0,0,0,0,0,0,0,0,29,0,0,0,0,0,0,0,0,0,0,0,0,0,0,0,0,0,0,0,0,0,0,0,0,0,0,0,0,0,0,0,0,0,0,0,0,0,0,0,0,0,0,0,0,0,0,0,0,0,0,0,0,0,0,0,0,0,0,0,0,0,0,0,0,0,0,0,0,0,0,0,0,0,0,0,0,0,0,0,0,0,0,0,0,0,0,0,0,0
ArthCOI,ESV_029357,AATTTGAGCAGGAATAGTAGGAACTTCTTTAAGTTTATTAATTCGAGCTGAATTAGGAAATCCAGGTTCATTAATTGGAGATGATCAAATTTATAATACTATTGTTACAGCTCATGCTTTTATTATAATTTTTTTTATAGTTATACCAATTATAATC,Eukaryota,Arthropoda,Insecta,Lepidoptera,Erebidae,Bulia,Bulia deducta,100,1,0,0,0,0,0,0,0,0,0,0,0,0,0,0,0,0,0,0,0,0,0,0,29,0,0,0,0,0,0,0,0,0,0,0,0,0,0,0,0,0,0,0,0,0,0,0,0,0,0,0,0,0,0,0,0,0,0,0,0,0,0,0,0,0,0,0,0,0,0,0,0,0,0,0,0,0,0,0,0,0,0,0,0,0,0,0,0,0,0,0,0,0,0,0,0,0,0,0,0,0,0,0,0,0,0,0,0,0,0,0,0,0,0,0,0
ArthCOI,ESV_069308,TATTTGAGCAGGAATAGTAGGAACTTCTTTAAGTTTGTTAATTCGAGCTGAATTAGGAAACCCTGGATCATTAATTGGTGATGATCAAATTTATAATACTATTGTAACAGCTCATGCTTTTATTATAATTTTTTTTATAGTTATACCTATTATAATT,Eukaryota,Arthropoda,Insecta,Lepidoptera,Erebidae,Melipotis,,99.4,2,0,0,0,0,0,0,0,0,0,0,0,0,0,0,0,0,0,0,0,0,0,0,0,0,0,29,0,0,0,0,0,0,0,0,0,0,0,0,0,0,0,0,0,0,0,0,0,0,0,0,0,0,0,0,0,0,0,0,0,0,0,0,0,0,0,0,0,0,0,0,0,0,0,0,0,0,0,0,0,0,0,0,0,0,0,0,0,0,0,0,0,0,0,0,0,0,0,0,0,0,0,0,0,0,0,0,0,0,0,0,0,0,0,0,0
ArthCOI,ESV_069318,TATTTGAGCAGGAATAGTAGGAACTTCTTTAAGTTTACTAATTCGAGCTGAATTAGGAAACCCTGGATCATTAATTGGTGATGATCAAATTTATAATACTATTGTTACAGCTCATGCTTTTATTATAATTTTTTTTATAGTTATACCTATTATAATT,Eukaryota,Arthropoda,Insecta,Lepidoptera,Erebidae,Melipotis,,99.4,2,0,0,0,0,0,0,0,0,0,0,0,0,0,0,0,0,0,0,0,0,0,0,0,0,29,0,0,0,0,0,0,0,0,0,0,0,0,0,0,0,0,0,0,0,0,0,0,0,0,0,0,0,0,0,0,0,0,0,0,0,0,0,0,0,0,0,0,0,0,0,0,0,0,0,0,0,0,0,0,0,0,0,0,0,0,0,0,0,0,0,0,0,0,0,0,0,0,0,0,0,0,0,0,0,0,0,0,0,0,0,0,0,0,0,0
ArthCOI,ESV_069339,TATTTGAGCAGGAATAGTTGGAACTTCATTAAGATTACTAATTCGAGCTGAATTAGGAACCCCCGGATCTTTAATTGGAGATGACCAAATTTATAATACTATTGTGACAGCTCATGCATTTATTATAATTTTTTTTATAGTAATACCTATTATAATT,Eukaryota,Arthropoda,Insecta,Lepidoptera,Noctuidae,Maliattha,Maliattha synochitis,100,1,0,0,0,0,0,0,0,0,0,0,0,0,0,0,0,0,28,0,0,0,0,0,0,0,0,0,0,0,0,0,0,0,0,0,0,0,0,0,0,0,0,0,0,0,0,0,0,0,0,0,0,0,0,0,0,0,0,0,0,0,0,0,0,0,0,0,0,0,0,0,0,0,0,0,0,0,0,0,0,0,0,0,0,0,0,0,0,0,0,0,0,0,0,0,0,0,0,0,0,0,0,0,0,0,0,0,0,0,0,0,0,0,0,0,0
ArthCOI,ESV_069377,AGCATGAGCTGGAATAGTAGGAACTTCTATAAGAATAATTATTCGAGCAGAATTAGGTCAACCAGGATCTCTAATTGGAGATGACCAAATTTATAATATAATTATTACAGCACACGCATTTGTAATAATTTTCTTTATAGTTATACCTATTATAATT,Eukaryota,Arthropoda,Insecta,Orthoptera,Acrididae,Melanoplus,,99.4,3,0,0,0,0,0,27,0,0,0,0,0,0,0,0,0,0,0,0,0,0,0,0,0,0,0,0,0,0,0,0,0,0,0,0,0,0,0,0,0,0,0,0,0,0,0,0,0,0,0,0,0,0,0,0,0,0,0,0,0,0,0,0,0,0,0,0,0,0,0,0,0,0,0,0,0,0,0,0,0,0,0,0,0,0,0,0,0,0,0,0,0,0,0,0,0,0,0,0,0,0,0,0,0,0,0,0,0,0,0,0,0,0,0,0,0
ArthCOI,ESV_069258,GGCTTGGGCTGCTATAGTAGGAACAGCAATAAGAGTATTGATTCGAATTGAGTTAGGACAGCCTGGAAGATTTATAGGAGATGATCAATTATATAATGTGATTGTTACAGCTCATGCTTTTGTTATAATTTTTTTTATAGTAATACCAATTTTAATT,Eukaryota,Arthropoda,Arachnida,Araneae,Araneidae,Argiope,Argiope aurantia,100,1,0,0,0,0,0,0,0,0,0,0,0,0,0,0,0,0,0,0,0,0,0,0,0,0,0,0,0,0,0,0,0,0,0,0,0,0,0,0,0,0,0,0,27,0,0,0,0,0,0,0,0,0,0,0,0,0,0,0,0,0,0,0,0,0,0,0,0,0,0,0,0,0,0,0,0,0,0,0,0,0,0,0,0,0,0,0,0,0,0,0,0,0,0,0,0,0,0,0,0,0,0,0,0,0,0,0,0,0,0,0,0,0,0,0,0
ArthCOI,ESV_040647,AGCATGAGCAGGTATAGTTGGTACATCTTTAAGTTTACTGATTCGAGCTGAGCTAGGGCAACCAGGTTACTTAATTGGAGATGACCAAATTTATAATGTAATTGTTACTGCTCATGCTTTTGTAATAATTTTCTTTATAGTAATACCTATTATAATC,Eukaryota,Arthropoda,Insecta,,,,,90.4,7,0,0,0,0,0,0,0,0,0,0,0,0,0,0,0,0,0,0,0,0,0,0,0,0,0,0,0,0,0,0,0,0,0,0,0,0,0,0,0,27,0,0,0,0,0,0,0,0,0,0,0,0,0,0,0,0,0,0,0,0,0,0,0,0,0,0,0,0,0,0,0,0,0,0,0,0,0,0,0,0,0,0,0,0,0,0,0,0,0,0,0,0,0,0,0,0,0,0,0,0,0,0,0,0,0,0,0,0,0,0,0,0,0,0,0
ArthCOI,ESV_069292,GTTATGGGCAGGAATGTTAGAAACTTCAATAAGATGAATTATTCGAATTGAATTAAGACAACCTGGGCCATTCATTGGAAACGATCAAATTTATAATGTAATTGTAACCGCTCACGCTTTCATTATAATTTTTTTTATAGTTATACCCATTATAATT,Eukaryota,Arthropoda,Insecta,Hemiptera,Tingidae,Corythucha,,94.3,2,0,0,0,0,0,0,0,0,0,0,0,0,0,0,0,0,0,0,0,0,0,0,0,0,0,0,0,27,0,0,0,0,0,0,0,0,0,0,0,0,0,0,0,0,0,0,0,0,0,0,0,0,0,0,0,0,0,0,0,0,0,0,0,0,0,0,0,0,0,0,0,0,0,0,0,0,0,0,0,0,0,0,0,0,0,0,0,0,0,0,0,0,0,0,0,0,0,0,0,0,0,0,0,0,0,0,0,0,0,0,0,0,0,0,0
ArthCOI,ESV_069327,AGCTTGAGCTGCTATAGTTGGTACTGCAATAAGAGTATTAATTCGAATGGAGTTAGGTCAGGTTGGAAAGTTTTTAGGAGATGATCATTTATATAATGTAATTGTTACGGCTCATGCTTTTGTTATGATTTTTTTTATAGTTATACCTATTTTAATT,Eukaryota,Arthropoda,Arachnida,Araneae,Philodromidae,Thanatus,Thanatus formicinus,93,1,0,0,0,0,0,0,0,0,0,0,0,0,0,0,0,0,0,0,0,0,0,0,26,0,0,0,0,0,0,0,0,0,0,0,0,0,0,0,0,0,0,0,0,0,0,0,0,0,0,0,0,0,0,0,0,0,0,0,0,0,0,0,0,0,0,0,0,0,0,0,0,0,0,0,0,0,0,0,0,0,0,0,0,0,0,0,0,0,0,0,0,0,0,0,0,0,0,0,0,0,0,0,0,0,0,0,0,0,0,0,0,0,0,0,0
ArthCOI,ESV_069250,TACATGAGCAGGAATAATAGGATCATCTATAAGAATAATAATCCGTATAGAATTAAGAATACCGGGGATATTAATTGGAAATGATCAAATTTATAATTCTATTGTAACTTCTCATGCTTTTATTATAATTTTTTTTATAGTTATACCTTTAATAATT,Eukaryota,Arthropoda,Insecta,Hymenoptera,,,,89.8,29,0,0,0,0,0,0,0,0,0,0,0,0,0,0,0,0,0,0,0,0,0,0,0,0,0,0,0,0,0,0,0,0,0,0,0,0,0,0,0,0,0,0,0,0,0,0,26,0,0,0,0,0,0,0,0,0,0,0,0,0,0,0,0,0,0,0,0,0,0,0,0,0,0,0,0,0,0,0,0,0,0,0,0,0,0,0,0,0,0,0,0,0,0,0,0,0,0,0,0,0,0,0,0,0,0,0,0,0,0,0,0,0,0,0,0
ArthCOI,ESV_069310,AATTTGAGCAGGAATAGTAGGAACATCTTTAAGTTTATTAATTCGAGCTGAATTAGGAAATCCAGGTTCATTAATTGGCGATGATCAAATTTATAATACTATTGTAACAGCCCATGCATTTATTATAATTTTTTTTATAGTTATACCTATTATAATT,Eukaryota,Arthropoda,Insecta,Lepidoptera,Crambidae,Udea,,99.4,3,0,0,0,0,0,0,0,0,0,0,0,0,0,0,0,0,0,0,0,0,0,0,0,0,0,26,0,0,0,0,0,0,0,0,0,0,0,0,0,0,0,0,0,0,0,0,0,0,0,0,0,0,0,0,0,0,0,0,0,0,0,0,0,0,0,0,0,0,0,0,0,0,0,0,0,0,0,0,0,0,0,0,0,0,0,0,0,0,0,0,0,0,0,0,0,0,0,0,0,0,0,0,0,0,0,0,0,0,0,0,0,0,0,0,0
ArthCOI,ESV_069382,AATTTGATCTGGAATAGTTGGAACATCTTTAAGATTACTTATTCGAGCTGAATTAGGAACTCCAGGATCTTTAATTGGAGATGATCAAATTTATAATACTATCGTTACAGGTCATGCTTTTATTATAATTTTTTTTATAGTTATACCTATTATAATT,Eukaryota,Arthropoda,Insecta,Lepidoptera,Pyralidae,Homoeosoma,,98.7,4,0,0,0,0,25,0,0,0,0,0,0,0,0,0,0,0,0,0,0,0,0,0,0,0,0,0,0,0,0,0,0,0,0,0,0,0,0,0,0,0,0,0,0,0,0,0,0,0,0,0,0,0,0,0,0,0,0,0,0,0,0,0,0,0,0,0,0,0,0,0,0,0,0,0,0,0,0,0,0,0,0,0,0,0,0,0,0,0,0,0,0,0,0,0,0,0,0,0,0,0,0,0,0,0,0,0,0,0,0,0,0,0,0,0,0
ArthCOI,ESV_069293,GTTATGGGCAGGAATGTTAGGAACTTCAATAAGATGAATTATTCGAATTGAATTAAGACAACCTGGGCCATTCATTGGAAACGATCAAATTTATAATGTAATTGTAACCGCTCACGCTTTCATTATAATTTTCTTTATAGTTATACCCATTATAATT,Eukaryota,Arthropoda,Insecta,Hemiptera,Tingidae,Corythucha,,94.3,2,0,0,0,0,0,0,0,0,0,0,0,0,0,0,0,0,0,0,0,0,0,0,0,0,0,0,0,25,0,0,0,0,0,0,0,0,0,0,0,0,0,0,0,0,0,0,0,0,0,0,0,0,0,0,0,0,0,0,0,0,0,0,0,0,0,0,0,0,0,0,0,0,0,0,0,0,0,0,0,0,0,0,0,0,0,0,0,0,0,0,0,0,0,0,0,0,0,0,0,0,0,0,0,0,0,0,0,0,0,0,0,0,0,0,0
ArthCOI,ESV_069294,AGTTTGGTCGGCTATAGTTGGTACAGCAATAAGTGTTTTCATTCGGATAGAATTAGGTCGTCCTGGAAGATTTTTAGGTGATGATCATTTATATAATGTAATAGTAACTGCTCATGCTTTTGTAATAATTTTTTTTATAGTTATGCCAATTTTAATT,Eukaryota,Arthropoda,Arachnida,Araneae,Oxyopidae,Peucetia,Peucetia viridans,96.2,1,0,0,0,0,0,0,0,0,0,0,0,0,0,0,0,0,0,0,0,0,0,0,0,0,0,0,0,24,0,0,0,0,0,0,0,0,0,0,0,0,0,0,0,0,0,0,0,0,0,0,0,0,0,0,0,0,0,0,0,0,0,0,0,0,0,0,0,0,0,0,0,0,0,0,0,0,0,0,0,0,0,0,0,0,0,0,0,0,0,0,0,0,0,0,0,0,0,0,0,0,0,0,0,0,0,0,0,0,0,0,0,0,0,0,0
ArthCOI,ESV_069340,TATTTGAGCAGGAATAGTTGGAACTTCATTAAGATTACTAATTCGAGCTGAATTAGGAACCCCCGGATCTTTAATTGGAGATGACCAAATTTATAATACTATTGTAACAGCTCATGCATTTATTATAATTTTTTTTATAGTAATACCTATTATAATT,Eukaryota,Arthropoda,Insecta,Lepidoptera,Noctuidae,Maliattha,,100,2,0,0,0,0,0,0,0,0,0,0,0,0,0,0,0,0,23,0,0,0,0,0,0,0,0,0,0,0,0,0,0,0,0,0,0,0,0,0,0,0,0,0,0,0,0,0,0,0,0,0,0,0,0,0,0,0,0,0,0,0,0,0,0,0,0,0,0,0,0,0,0,0,0,0,0,0,0,0,0,0,0,0,0,0,0,0,0,0,0,0,0,0,0,0,0,0,0,0,0,0,0,0,0,0,0,0,0,0,0,0,0,0,0,0,0
ArthCOI,ESV_069295,AGTTTGATCAGTTATGGTTGGTACAGCTATAAGTGTTTTAATTCGTATAGAATTGGGTCGTCCTGGAAGATTTTTAGGTGATGATCATTTATATAATGTAATAGTAACTGCTCATGCTTTTGTAATAATTTTTTTTATAGTTATGCCAATTTTAATT,Eukaryota,Arthropoda,Arachnida,Araneae,Oxyopidae,Peucetia,Peucetia viridans,98.7,1,0,0,0,0,0,0,0,0,0,0,0,0,0,0,0,0,0,0,0,0,0,0,0,0,0,0,0,23,0,0,0,0,0,0,0,0,0,0,0,0,0,0,0,0,0,0,0,0,0,0,0,0,0,0,0,0,0,0,0,0,0,0,0,0,0,0,0,0,0,0,0,0,0,0,0,0,0,0,0,0,0,0,0,0,0,0,0,0,0,0,0,0,0,0,0,0,0,0,0,0,0,0,0,0,0,0,0,0,0,0,0,0,0,0,0
ArthCOI,ESV_069311,TATTTGAGCAGGAATAGTAGGAACATCTTTAAGTTTATTAATTCGAGCTGAATTAGGGACCCCTGGAACTTTAATTGGAGATGATCAAATTTATAATACTATTGTAACAGCTCATGCTTTTATTATAATTTTTTTTATAGTTATACCTATTATAATT,Eukaryota,Arthropoda,Insecta,Lepidoptera,Notodontidae,,,99.4,3,0,0,0,0,0,0,0,0,0,0,0,0,0,0,0,0,0,0,0,0,0,0,0,0,0,23,0,0,0,0,0,0,0,0,0,0,0,0,0,0,0,0,0,0,0,0,0,0,0,0,0,0,0,0,0,0,0,0,0,0,0,0,0,0,0,0,0,0,0,0,0,0,0,0,0,0,0,0,0,0,0,0,0,0,0,0,0,0,0,0,0,0,0,0,0,0,0,0,0,0,0,0,0,0,0,0,0,0,0,0,0,0,0,0,0
ArthCOI,ESV_069395,GGCTTGATCTGGAATAGTAGGTACTGCTCTTAGATTATTAATTCGAGCAGAATTAGGAAACCCTGGCGCTTTAATTGGAAATGACCAAATTTATAACGTAATTGTAACAGCTCATGCTTTTATTATAATTTTCTTTATAGTTATGCCTATTATAATA,Eukaryota,Arthropoda,Insecta,,,,,91.7,8,0,0,0,22,0,0,0,0,0,0,0,0,0,0,0,0,0,0,0,0,0,0,0,0,0,0,0,0,0,0,0,0,0,0,0,0,0,0,0,0,0,0,0,0,0,0,0,0,0,0,0,0,0,0,0,0,0,0,0,0,0,0,0,0,0,0,0,0,0,0,0,0,0,0,0,0,0,0,0,0,0,0,0,0,0,0,0,0,0,0,0,0,0,0,0,0,0,0,0,0,0,0,0,0,0,0,0,0,0,0,0,0,0,0,0
ArthCOI,ESV_069383,AATTTGAGCAGGAATAGTAGGAACTTCTCTTAGTTTATTAATTCGATCTGAATTAGGAAATCCAGGTTCATTAATTGGAGATGATCAAATTTATAATACTATTGTTACAGCTCATGCTTTTATTATAATTTTTTTTATAGTAATGCCTATTATAATT,Eukaryota,Arthropoda,Insecta,Lepidoptera,Nymphalidae,Asterocampa,Asterocampa celtis,98.7,1,0,0,0,0,21,0,0,0,0,0,0,0,0,0,0,0,0,0,0,0,0,0,0,0,0,0,0,0,0,0,0,0,0,0,0,0,0,0,0,0,0,0,0,0,0,0,0,0,0,0,0,0,0,0,0,0,0,0,0,0,0,0,0,0,0,0,0,0,0,0,0,0,0,0,0,0,0,0,0,0,0,0,0,0,0,0,0,0,0,0,0,0,0,0,0,0,0,0,0,0,0,0,0,0,0,0,0,0,0,0,0,0,0,0,0
ArthCOI,ESV_069357,AATTTGAGCAGGAATAGTTGGAACATCTTTAAGTTTATTAATTCGTGCTGAATTAGGTAATCCAGGATCTTTAATTGGAGATGATCAAATTTATAATACTATTGTTACAGCTCATGCTTTTATTATAATTTTTTTTATAGTTATACCAATTATAATT,Eukaryota,Arthropoda,Insecta,Lepidoptera,,,,98.7,26,0,0,0,0,0,0,0,0,0,0,0,0,0,0,21,0,0,0,0,0,0,0,0,0,0,0,0,0,0,0,0,0,0,0,0,0,0,0,0,0,0,0,0,0,0,0,0,0,0,0,0,0,0,0,0,0,0,0,0,0,0,0,0,0,0,0,0,0,0,0,0,0,0,0,0,0,0,0,0,0,0,0,0,0,0,0,0,0,0,0,0,0,0,0,0,0,0,0,0,0,0,0,0,0,0,0,0,0,0,0,0,0,0,0,0
ArthCOI,ESV_069284,AATTTGAGCCGGGATGGTTGGATCAAGCCTTAGAATTCTTATTCGTTTAGAATTAGGCCAGCCTGGTTTATTTTTAGAAGATGACCAGACATATAATGTAATCGTTACAGCTCATGCCTTTATTATAATTTTCTTTATAATTATACCTATTATAATT,Eukaryota,Arthropoda,Insecta,Psocoptera,Psocidae,Hyalopsocus,,86.6,9,0,0,0,0,0,0,0,0,0,0,0,0,0,0,0,0,0,0,0,0,0,0,0,0,0,0,0,0,0,21,0,0,0,0,0,0,0,0,0,0,0,0,0,0,0,0,0,0,0,0,0,0,0,0,0,0,0,0,0,0,0,0,0,0,0,0,0,0,0,0,0,0,0,0,0,0,0,0,0,0,0,0,0,0,0,0,0,0,0,0,0,0,0,0,0,0,0,0,0,0,0,0,0,0,0,0,0,0,0,0,0,0,0,0,0
ArthCOI,ESV_022179,GGCTTTTTCTGGAATTATAGGAACTGCAATGTCTATCCTAATTCGTATGGAATTAGGTGGAGTTGGTCCTCAAATTTTAGCCGGAAATAATCAACTTTATAATGTTATTATTACTGCACATGCTGTTATTATGATTTTTTTCATGGTAATGCCGATTTTAATT,Eukaryota,Oomycota,unk_class,Saprolegniales,Saprolegniaceae,,,78.5,3,0,0,0,0,0,0,0,0,0,0,0,0,0,0,0,0,0,0,0,0,0,0,0,0,0,0,0,0,0,0,0,0,0,0,0,21,0,0,0,0,0,0,0,0,0,0,0,0,0,0,0,0,0,0,0,0,0,0,0,0,0,0,0,0,0,0,0,0,0,0,0,0,0,0,0,0,0,0,0,0,0,0,0,0,0,0,0,0,0,0,0,0,0,0,0,0,0,0,0,0,0,0,0,0,0,0,0,0,0,0,0,0,0,0,0
ArthCOI,ESV_069312,AGCTTGGTCAGCTATAGTGGGGACTGCTATAAGAGCTTTGATTCGAACGGAGTTAGGATTTTCTGGAGGTTTTATGAGAGATGATCATTTATATAATGTAATTGTTACTGCTCATGCTTTTGTTATGATTTTTTTTATAGTTATACCAATTTTGATT,Eukaryota,Arthropoda,Arachnida,Araneae,Uloboridae,Uloborus,Uloborus glomosus,96.8,1,0,0,0,0,0,0,0,0,0,0,0,0,0,0,0,0,0,0,0,0,0,0,0,0,0,21,0,0,0,0,0,0,0,0,0,0,0,0,0,0,0,0,0,0,0,0,0,0,0,0,0,0,0,0,0,0,0,0,0,0,0,0,0,0,0,0,0,0,0,0,0,0,0,0,0,0,0,0,0,0,0,0,0,0,0,0,0,0,0,0,0,0,0,0,0,0,0,0,0,0,0,0,0,0,0,0,0,0,0,0,0,0,0,0,0
ArthCOI,ESV_069365,AATTTGAGCTGGTATAATTGGAACCTCATTAAGATCATTAATTCGAGCAGAATTAGGAAATCCTGGCTCTTTAATTGGAGATGATCAAATTTATAATACTATTGTAACAGCCCATGCTTTCATCATAATTTTTTTTATAGTTATACCTATTATAATT,Eukaryota,Arthropoda,Insecta,Lepidoptera,Erebidae,Plusiodonta,Plusiodonta compressipalpis,99.4,1,0,0,0,0,0,0,0,0,0,0,20,0,0,0,0,0,0,0,0,0,0,0,0,0,0,0,0,0,0,0,0,0,0,0,0,0,0,0,0,0,0,0,0,0,0,0,0,0,0,0,0,0,0,0,0,0,0,0,0,0,0,0,0,0,0,0,0,0,0,0,0,0,0,0,0,0,0,0,0,0,0,0,0,0,0,0,0,0,0,0,0,0,0,0,0,0,0,0,0,0,0,0,0,0,0,0,0,0,0,0,0,0,0,0,0
ArthCOI,ESV_069313,AGCTTGGTCAGCTATAGTGGGGACTGCTATAAGAGTTTTGATTCGAACGGAGTTAGGATTTTCTGGAGGTTTTATGAGAGATGATCATTTATATAATGTAATTGTTACTGCTCATGCTTTTGTTATGATTTTTTTTATAGTTATACCAATTTTGATC,Eukaryota,Arthropoda,Arachnida,Araneae,Uloboridae,Uloborus,Uloborus glomosus,96.8,1,0,0,0,0,0,0,0,0,0,0,0,0,0,0,0,0,0,0,0,0,0,0,0,0,0,20,0,0,0,0,0,0,0,0,0,0,0,0,0,0,0,0,0,0,0,0,0,0,0,0,0,0,0,0,0,0,0,0,0,0,0,0,0,0,0,0,0,0,0,0,0,0,0,0,0,0,0,0,0,0,0,0,0,0,0,0,0,0,0,0,0,0,0,0,0,0,0,0,0,0,0,0,0,0,0,0,0,0,0,0,0,0,0,0,0
ArthCOI,ESV_069314,TATTTGAGCAGGAATAGTAGGAACTTCTTTAAGTTTGTTAATTCGAGCTGAATTAGGAAACCCTGGATCATTAATTGGTGATGATCAAATTTATAATACTATTGTTACAGCTCATGCTTTTATTATAATTTTTTTTATGGTTATACCTATTATAATT,Eukaryota,Arthropoda,Insecta,Lepidoptera,Erebidae,Melipotis,,99.4,2,0,0,0,0,0,0,0,0,0,0,0,0,0,0,0,0,0,0,0,0,0,0,0,0,0,19,0,0,0,0,0,0,0,0,0,0,0,0,0,0,0,0,0,0,0,0,0,0,0,0,0,0,0,0,0,0,0,0,0,0,0,0,0,0,0,0,0,0,0,0,0,0,0,0,0,0,0,0,0,0,0,0,0,0,0,0,0,0,0,0,0,0,0,0,0,0,0,0,0,0,0,0,0,0,0,0,0,0,0,0,0,0,0,0,0
ArthCOI,ESV_069296,AGTTTGATCAGCTATGGTTGGTACAGCTATAAGTGTTTTAATTCGTATAGAATTAGGTCGTCCTGGAAGATTTTTAGGTGATGATCATTTATATAATGTAATAGTAACTGCTCATGCTTTTGTAATAATTTTTTTATGGTTATACCAATTTTAATT,Eukaryota,Arthropoda,Arachnida,Araneae,Oxyopidae,Peucetia,Peucetia viridans,98.1,1,0,0,0,0,0,0,0,0,0,0,0,0,0,0,0,0,0,0,0,0,0,0,0,0,0,0,0,19,0,0,0,0,0,0,0,0,0,0,0,0,0,0,0,0,0,0,0,0,0,0,0,0,0,0,0,0,0,0,0,0,0,0,0,0,0,0,0,0,0,0,0,0,0,0,0,0,0,0,0,0,0,0,0,0,0,0,0,0,0,0,0,0,0,0,0,0,0,0,0,0,0,0,0,0,0,0,0,0,0,0,0,0,0,0,0
ArthCOI,ESV_013235,AGCTTGGGCTGGAATAGTAGGCACATCATTAAGTATTTTAATTCGAACAGAACTAGGACAACCAGGTTATTTAATTGGAGACGATCAAACTTATAATGTTATCGTAACTGCACATGCATTTATCATAATTTTCTTTATAGTTATACCTATTATAATT,Eukaryota,Arthropoda,Insecta,Orthoptera,Gryllidae,Gryllus,,99.4,2,0,0,0,0,0,0,0,0,0,0,0,0,0,0,0,0,0,0,0,0,0,19,0,0,0,0,0,0,0,0,0,0,0,0,0,0,0,0,0,0,0,0,0,0,0,0,0,0,0,0,0,0,0,0,0,0,0,0,0,0,0,0,0,0,0,0,0,0,0,0,0,0,0,0,0,0,0,0,0,0,0,0,0,0,0,0,0,0,0,0,0,0,0,0,0,0,0,0,0,0,0,0,0,0,0,0,0,0,0,0,0,0,0,0,0
ArthCOI,ESV_069366,AATTTGAGCTGGTATAATTGGAACCTCATTAAGATTATTAATTCGAGCAGAATTAGGAAATCCTGGCTCTTTAATTGGAGATGATCAAATTTATAATACTATTGTAACAGCCCATGCTTTCATCATAATTTTTTTTATAGTTATACCTATTATAATC,Eukaryota,Arthropoda,Insecta,Lepidoptera,Erebidae,Plusiodonta,Plusiodonta compressipalpis,99.4,1,0,0,0,0,0,0,0,0,0,0,18,0,0,0,0,0,0,0,0,0,0,0,0,0,0,0,0,0,0,0,0,0,0,0,0,0,0,0,0,0,0,0,0,0,0,0,0,0,0,0,0,0,0,0,0,0,0,0,0,0,0,0,0,0,0,0,0,0,0,0,0,0,0,0,0,0,0,0,0,0,0,0,0,0,0,0,0,0,0,0,0,0,0,0,0,0,0,0,0,0,0,0,0,0,0,0,0,0,0,0,0,0,0,0,0
ArthCOI,ESV_069319,TATTTGAGCAGGAATAGTAGGAACTTCTTTAAGTTTGTTAATTCGAGCTGAATTAGGAAATCCTGGATCATTAATTGGTGATGATCAAGTTTATAATACTATTGTTACAGCTCATGCTTTTATTATAATTTTTTTTATAGTTATACCTATTATAATT,Eukaryota,Arthropoda,Insecta,Lepidoptera,Erebidae,Melipotis,,99.4,3,0,0,0,0,0,0,0,0,0,0,0,0,0,0,0,0,0,0,0,0,0,0,0,0,18,0,0,0,0,0,0,0,0,0,0,0,0,0,0,0,0,0,0,0,0,0,0,0,0,0,0,0,0,0,0,0,0,0,0,0,0,0,0,0,0,0,0,0,0,0,0,0,0,0,0,0,0,0,0,0,0,0,0,0,0,0,0,0,0,0,0,0,0,0,0,0,0,0,0,0,0,0,0,0,0,0,0,0,0,0,0,0,0,0,0
ArthCOI,ESV_069341,AATTTGAGCAGGAATAGTAGGAACTTCTTTAAGTTTATTAATTCGAGCAGAATTAGGAAATCCAGGTTCATTAATTGGGGATGATCAAATTTATAATACAATTGTTACAGCTCATGCATTTATTATAATTTCTTTTATAGTTATACCAATTATAATT,Eukaryota,Arthropoda,Insecta,Lepidoptera,Tortricidae,Sparganothis,Sparganothis pulcherrimana,98.7,1,0,0,0,0,0,0,0,0,0,0,0,0,0,0,0,0,17,0,0,0,0,0,0,0,0,0,0,0,0,0,0,0,0,0,0,0,0,0,0,0,0,0,0,0,0,0,0,0,0,0,0,0,0,0,0,0,0,0,0,0,0,0,0,0,0,0,0,0,0,0,0,0,0,0,0,0,0,0,0,0,0,0,0,0,0,0,0,0,0,0,0,0,0,0,0,0,0,0,0,0,0,0,0,0,0,0,0,0,0,0,0,0,0,0,0
ArthCOI,ESV_069378,AATATGATCAGGAATAATTGGATTATCAATAAGTATATTAATTCGAATAGAATTAGGAATACCAGGATCCATTATTGGAAATGATCAAATTTATAATACAATCGTAACTGCCCATGCATTCGTAATAATTTTTTTATAGTTATACCTATTATAATT,Eukaryota,Arthropoda,Insecta,Phasmatodea,Heteronemiidae,,,96.2,1,0,0,0,0,0,17,0,0,0,0,0,0,0,0,0,0,0,0,0,0,0,0,0,0,0,0,0,0,0,0,0,0,0,0,0,0,0,0,0,0,0,0,0,0,0,0,0,0,0,0,0,0,0,0,0,0,0,0,0,0,0,0,0,0,0,0,0,0,0,0,0,0,0,0,0,0,0,0,0,0,0,0,0,0,0,0,0,0,0,0,0,0,0,0,0,0,0,0,0,0,0,0,0,0,0,0,0,0,0,0,0,0,0,0,0
ArthCOI,ESV_011076,TATTTGAGCAGGAATAGTAGGAACTTCTTTAAGTTTATTAATTCGAGCTGAATTAGGAAACCCTGGATCATTAATTGGTGATGATCAAATTTATAATACTATTGTTACAGCTCATGCTTTTATTATAATTTTTTTTATAGTTATACCTATTATAATC,Eukaryota,Arthropoda,Insecta,Lepidoptera,Erebidae,Melipotis,,99.4,2,0,0,0,0,0,0,0,0,0,0,0,0,0,0,0,0,0,0,0,0,0,0,0,0,17,0,0,0,0,0,0,0,0,0,0,0,0,0,0,0,0,0,0,0,0,0,0,0,0,0,0,0,0,0,0,0,0,0,0,0,0,0,0,0,0,0,0,0,0,0,0,0,0,0,0,0,0,0,0,0,0,0,0,0,0,0,0,0,0,0,0,0,0,0,0,0,0,0,0,0,0,0,0,0,0,0,0,0,0,0,0,0,0,0,0
ArthCOI,ESV_069316,AGCTTGGTCAGCTATAGTGGGGACTGCTATAAGAGTTTTGATTCGAACGGAGTTAGGATTTTCTGGAGGTTTTATGAGAGATGATCATTTATATAATGTAATTGTTACTGCTCATGCTTTTGTTATGATTTTTTTTATAGTTATACCAATTATAATT,Eukaryota,Arthropoda,Arachnida,Araneae,Uloboridae,Uloborus,Uloborus glomosus,96.2,1,0,0,0,0,0,0,0,0,0,0,0,0,0,0,0,0,0,0,0,0,0,0,0,0,0,17,0,0,0,0,0,0,0,0,0,0,0,0,0,0,0,0,0,0,0,0,0,0,0,0,0,0,0,0,0,0,0,0,0,0,0,0,0,0,0,0,0,0,0,0,0,0,0,0,0,0,0,0,0,0,0,0,0,0,0,0,0,0,0,0,0,0,0,0,0,0,0,0,0,0,0,0,0,0,0,0,0,0,0,0,0,0,0,0,0
ArthCOI,ESV_069315,TATTTGAGCAGGAATAGTAGGAACTTCTTTAAGTTTGTTAATTCGAGCTGAATTAGGAAACCCTGGATCATTAATTGGTGATGATCAAATTCATAATACTATTGTTACAGCTCATGCTTTTATTATAATTTTTTTTATAGTTATACCTATTATAATT,Eukaryota,Arthropoda,Insecta,Lepidoptera,Erebidae,Melipotis,,99.4,2,0,0,0,0,0,0,0,0,0,0,0,0,0,0,0,0,0,0,0,0,0,0,0,0,0,17,0,0,0,0,0,0,0,0,0,0,0,0,0,0,0,0,0,0,0,0,0,0,0,0,0,0,0,0,0,0,0,0,0,0,0,0,0,0,0,0,0,0,0,0,0,0,0,0,0,0,0,0,0,0,0,0,0,0,0,0,0,0,0,0,0,0,0,0,0,0,0,0,0,0,0,0,0,0,0,0,0,0,0,0,0,0,0,0,0
ArthCOI,ESV_069248,AATATGATCAGGAATAATTGGATTATCAATAAGTATATTAATTCGAATAGAATTAGGAATACCAGGGTCCATTATTGGAAATGATCAAACTTATAACACAATTGTAACTGCCCATGCATTCGTAATAATTTTTTTTATAGTTATACCTATTATAATT,Eukaryota,Arthropoda,Insecta,Phasmatodea,Heteronemiidae,,,96.8,1,0,0,0,0,0,0,0,0,0,0,0,0,0,0,0,0,0,0,0,0,0,0,0,0,0,0,0,0,0,0,0,0,0,0,0,0,0,0,0,0,0,0,0,0,0,0,0,17,0,0,0,0,0,0,0,0,0,0,0,0,0,0,0,0,0,0,0,0,0,0,0,0,0,0,0,0,0,0,0,0,0,0,0,0,0,0,0,0,0,0,0,0,0,0,0,0,0,0,0,0,0,0,0,0,0,0,0,0,0,0,0,0,0,0,0
ArthCOI,ESV_069255,GGCTTTTTCTGGCGTAATTGGAACATTATTATCATCTGTAATTCGTATGGAATTAGCTGGTACTGGAAATCAAATTTTAAACGGAAATCATCAGTTTTATAATGTTGTAATTACTGCACATGCTTTTATAATGATTTTTTTTATGGTAATGCCTATTATAATT,Eukaryota,,,,,,,82.8,8,0,0,0,0,0,0,0,0,0,0,0,0,0,0,0,0,0,0,0,0,0,0,0,0,0,0,0,0,0,0,0,0,0,0,0,0,0,0,0,0,0,0,0,16,0,0,0,0,0,0,0,0,0,0,0,0,0,0,0,0,0,0,0,0,0,0,0,0,0,0,0,0,0,0,0,0,0,0,0,0,0,0,0,0,0,0,0,0,0,0,0,0,0,0,0,0,0,0,0,0,0,0,0,0,0,0,0,0,0,0,0,0,0,0,0
ArthCOI,ESV_069249,AATTTGATCAGGAATAGTAGGTACATCTTTAAGTCTTTTAATTCGAGCTGAATTAGGAACTCCTGGATCTTTAATTGGAGATGACCAAATTTATAATACTATTGTAACAGGACATGCTTTTATTATAATTTTTTTTATAGTAATACCTATTATAATT,Eukaryota,Arthropoda,Insecta,Lepidoptera,Pyralidae,Sciota,Sciota celtidella,100,1,0,0,0,0,0,0,0,0,0,0,0,0,0,0,0,0,0,0,0,0,0,0,0,0,0,0,0,0,0,0,0,0,0,0,0,0,0,0,0,0,0,0,0,0,0,0,0,16,0,0,0,0,0,0,0,0,0,0,0,0,0,0,0,0,0,0,0,0,0,0,0,0,0,0,0,0,0,0,0,0,0,0,0,0,0,0,0,0,0,0,0,0,0,0,0,0,0,0,0,0,0,0,0,0,0,0,0,0,0,0,0,0,0,0,0
ArthCOI,ESV_069252,AATATGATCAGGAATAATTGGATTATCAATAAGTATATTAATTCGAATAGAATTAGGAATACCAGGTCCATTATTGGAAATGATCAAATTTATAACACAATTGTAACTGCCCATGCATTCGTAATAATTTTTTTTATAGTTATACCTATTATAATT,Eukaryota,Arthropoda,Insecta,Phasmatodea,Heteronemiidae,,,96.8,1,0,0,0,0,0,0,0,0,0,0,0,0,0,0,0,0,0,0,0,0,0,0,0,0,0,0,0,0,0,0,0,0,0,0,0,0,0,0,0,0,0,0,0,0,0,15,0,0,0,0,0,0,0,0,0,0,0,0,0,0,0,0,0,0,0,0,0,0,0,0,0,0,0,0,0,0,0,0,0,0,0,0,0,0,0,0,0,0,0,0,0,0,0,0,0,0,0,0,0,0,0,0,0,0,0,0,0,0,0,0,0,0,0,0,0
ArthCOI,ESV_069342,AATTTGAGCAGGAATAGTAGGAACTTCTTTAAGTTTATTAATTCGAGCAGAATTAGGAAATCCAGGTTCATTAATTGGGGATGATCAAATTTATAATACAATTGTAACTGCACATGCTTTTATTATAATTTTCTTTATAGTAATACCAATCATAATT,Eukaryota,Arthropoda,Insecta,Lepidoptera,,,,96.8,11,0,0,0,0,0,0,0,0,0,0,0,0,0,0,0,0,14,0,0,0,0,0,0,0,0,0,0,0,0,0,0,0,0,0,0,0,0,0,0,0,0,0,0,0,0,0,0,0,0,0,0,0,0,0,0,0,0,0,0,0,0,0,0,0,0,0,0,0,0,0,0,0,0,0,0,0,0,0,0,0,0,0,0,0,0,0,0,0,0,0,0,0,0,0,0,0,0,0,0,0,0,0,0,0,0,0,0,0,0,0,0,0,0,0,0
ArthCOI,ESV_069343,TATTTGAGCAGGAATAGTTGGAACTTCATTAAGATTACTAATTCGAGCTGAATTAGGAACCCCCGGATCTTTAATTGGAGATGACCAAATTTATAATACTATTGTGACAGCTCATGCATTTATTATAATTTTCTTTATAGTAATACCAATCATAATT,Eukaryota,Arthropoda,Insecta,Lepidoptera,Noctuidae,Maliattha,,98.1,2,0,0,0,0,0,0,0,0,0,0,0,0,0,0,0,0,14,0,0,0,0,0,0,0,0,0,0,0,0,0,0,0,0,0,0,0,0,0,0,0,0,0,0,0,0,0,0,0,0,0,0,0,0,0,0,0,0,0,0,0,0,0,0,0,0,0,0,0,0,0,0,0,0,0,0,0,0,0,0,0,0,0,0,0,0,0,0,0,0,0,0,0,0,0,0,0,0,0,0,0,0,0,0,0,0,0,0,0,0,0,0,0,0,0,0
ArthCOI,ESV_069396,AATATGATCAGGAATAATTGGATTATCAATAAGTATATTAATTCGAATAGAATTAGGAATACCAGGATCCATTATTGGAAATGATCAAATTTATAATACAATCGTAACTGCTCATGCATTCGTAATAATTTTTTTTATAGTTATACCTATTATAATT,Eukaryota,Arthropoda,Insecta,Phasmatodea,Heteronemiidae,,,97.5,1,0,0,0,14,0,0,0,0,0,0,0,0,0,0,0,0,0,0,0,0,0,0,0,0,0,0,0,0,0,0,0,0,0,0,0,0,0,0,0,0,0,0,0,0,0,0,0,0,0,0,0,0,0,0,0,0,0,0,0,0,0,0,0,0,0,0,0,0,0,0,0,0,0,0,0,0,0,0,0,0,0,0,0,0,0,0,0,0,0,0,0,0,0,0,0,0,0,0,0,0,0,0,0,0,0,0,0,0,0,0,0,0,0,0,0
ArthCOI,ESV_010308,TGCTTTTTCAGGTATAGTTGCAACAACTATGTCTGTTTTAATTAGAATAGAATTATCACAACCAGGTAATCAAATTTTTATGGGAAATCATCAATTATATAATGTTATGGTTACAGCACACGGATTATTAATGTTATTCTTTGTTGTTATGCCTATATTAGTT,Eukaryota,Oomycota,unk_class,Pythiales,Pythiaceae,Phytopythium,Phytopythium litorale,100,1,0,0,0,0,0,0,0,0,0,0,0,0,0,0,0,0,0,0,0,0,0,0,0,0,0,0,0,0,0,0,0,0,0,0,0,0,0,0,0,0,14,0,0,0,0,0,0,0,0,0,0,0,0,0,0,0,0,0,0,0,0,0,0,0,0,0,0,0,0,0,0,0,0,0,0,0,0,0,0,0,0,0,0,0,0,0,0,0,0,0,0,0,0,0,0,0,0,0,0,0,0,0,0,0,0,0,0,0,0,0,0,0,0,0,0
ArthCOI,ESV_069270,TGCTTGAGCTGCAATAGTTGGTACTGCAATGAGTGTATTAATTCGAATAGAATTAGGTCAGACTGGTTCATTTATAGGAAATGATCATATATATAATGTGATTGTAACTGCTCATGCATTTGTAATAATTTTTTTTATAGTTATACCTATTATAATT,Eukaryota,Arthropoda,Arachnida,Araneae,Salticidae,Phidippus,,94.3,4,0,0,0,0,0,0,0,0,0,0,0,0,0,0,0,0,0,0,0,0,0,0,0,0,0,0,0,0,0,0,0,0,0,0,0,0,0,0,0,14,0,0,0,0,0,0,0,0,0,0,0,0,0,0,0,0,0,0,0,0,0,0,0,0,0,0,0,0,0,0,0,0,0,0,0,0,0,0,0,0,0,0,0,0,0,0,0,0,0,0,0,0,0,0,0,0,0,0,0,0,0,0,0,0,0,0,0,0,0,0,0,0,0,0,0
ArthCOI,ESV_069297,AGCTTGATCAGCTATAGTTGGAACTGCAATAAGAGTTTTGATTCGAATAGAATTAGGACAGTCTGGTAGATTTTTAGGTGATGATCATTTATATAATGTTGTCGTTACTGCTCATGCTTTTGTTATAATTTTTTTTATAGTAATACCGATTTTAATT,Eukaryota,Arthropoda,Arachnida,Araneae,Anyphaenidae,Hibana,Hibana gracilis,99.4,1,0,0,0,0,0,0,0,0,0,0,0,0,0,0,0,0,0,0,0,0,0,0,0,0,0,0,0,14,0,0,0,0,0,0,0,0,0,0,0,0,0,0,0,0,0,0,0,0,0,0,0,0,0,0,0,0,0,0,0,0,0,0,0,0,0,0,0,0,0,0,0,0,0,0,0,0,0,0,0,0,0,0,0,0,0,0,0,0,0,0,0,0,0,0,0,0,0,0,0,0,0,0,0,0,0,0,0,0,0,0,0,0,0,0,0
ArthCOI,ESV_069332,TGTGTGAGCAGGAATAACTGGAACTTCTTTAAGTTTATTAATTCGTACAGAATTAGGTAATCCTGGATCACTAATTGGAGATGATCAAATTTATAACACTATTGTTACAGCTCATGCCTTTATTATAATTTTTTTTATAGTTATGCCAATTATAATT,Eukaryota,Arthropoda,Insecta,Lepidoptera,Pieridae,Colias,,99.4,49,0,0,0,0,0,0,0,0,0,0,0,0,0,0,0,0,0,0,0,0,13,0,0,0,0,0,0,0,0,0,0,0,0,0,0,0,0,0,0,0,0,0,0,0,0,0,0,0,0,0,0,0,0,0,0,0,0,0,0,0,0,0,0,0,0,0,0,0,0,0,0,0,0,0,0,0,0,0,0,0,0,0,0,0,0,0,0,0,0,0,0,0,0,0,0,0,0,0,0,0,0,0,0,0,0,0,0,0,0,0,0,0,0,0,0
ArthCOI,ESV_069371,AATATGATCAGGAATAATTGGATTATCAATAAGTATATTAATTCGAATAGAATTAGGGATACCAGGGTCCATTATTGGAAATGATCAAATTTATAACACAATTGTAACTGCCCATGCATTCGTAATAATTTTTTTTATAGTCATACCTATTATAATT,Eukaryota,Arthropoda,Insecta,Phasmatodea,Heteronemiidae,,,96.2,1,0,0,0,0,0,0,13,0,0,0,0,0,0,0,0,0,0,0,0,0,0,0,0,0,0,0,0,0,0,0,0,0,0,0,0,0,0,0,0,0,0,0,0,0,0,0,0,0,0,0,0,0,0,0,0,0,0,0,0,0,0,0,0,0,0,0,0,0,0,0,0,0,0,0,0,0,0,0,0,0,0,0,0,0,0,0,0,0,0,0,0,0,0,0,0,0,0,0,0,0,0,0,0,0,0,0,0,0,0,0,0,0,0,0,0
ArthCOI,ESV_069298,AATTTGAGCAGGAATAGTAGGAACTTCTCTTAGTTTATTAATTCGATCTGAATTAGGAAATCCAGGTTCATTAATTGGAGATGATCAAATTTATAATACTATTGTTACAGCTCATGCTTTTATTATAATTTTTTTTATAGTTATACCGATTTTAATT,Eukaryota,Arthropoda,Insecta,Lepidoptera,Nymphalidae,Asterocampa,Asterocampa celtis,98.7,1,0,0,0,0,0,0,0,0,0,0,0,0,0,0,0,0,0,0,0,0,0,0,0,0,0,0,0,13,0,0,0,0,0,0,0,0,0,0,0,0,0,0,0,0,0,0,0,0,0,0,0,0,0,0,0,0,0,0,0,0,0,0,0,0,0,0,0,0,0,0,0,0,0,0,0,0,0,0,0,0,0,0,0,0,0,0,0,0,0,0,0,0,0,0,0,0,0,0,0,0,0,0,0,0,0,0,0,0,0,0,0,0,0,0,0
ArthCOI,ESV_069350,TATCTGGTCTGGAATAGTAGGAATAATACTAAGAATAATTATTCGGATTGAATTATCCCAACCAGGGTCAGTAATTAATAACGATCAAGCCTATAATGTAATCGTTACATCTCATGCATTTATCATAATTTTCTTTATAGTTATGCCAATTATAATC,Eukaryota,Arthropoda,Insecta,Hemiptera,Cicadellidae,Driotura,Driotura robusta,99.4,1,0,0,0,0,0,0,0,0,0,0,0,0,0,0,0,12,0,0,0,0,0,0,0,0,0,0,0,0,0,0,0,0,0,0,0,0,0,0,0,0,0,0,0,0,0,0,0,0,0,0,0,0,0,0,0,0,0,0,0,0,0,0,0,0,0,0,0,0,0,0,0,0,0,0,0,0,0,0,0,0,0,0,0,0,0,0,0,0,0,0,0,0,0,0,0,0,0,0,0,0,0,0,0,0,0,0,0,0,0,0,0,0,0,0,0
ArthCOI,ESV_069397,TATTTGATCAGGAATAATTGGATTATCAATAAGTATATTAATTCGAATAGAATTAGGAATACCAGGGTCCATTATTGGAAATGATCAAATTTATAACACAATTGTAACTGCCCATGCATTCGTAATAATTTTTTTTATAGTTATACCTATTATAATT,Eukaryota,Arthropoda,Insecta,Phasmatodea,Heteronemiidae,,,96.2,1,0,0,0,12,0,0,0,0,0,0,0,0,0,0,0,0,0,0,0,0,0,0,0,0,0,0,0,0,0,0,0,0,0,0,0,0,0,0,0,0,0,0,0,0,0,0,0,0,0,0,0,0,0,0,0,0,0,0,0,0,0,0,0,0,0,0,0,0,0,0,0,0,0,0,0,0,0,0,0,0,0,0,0,0,0,0,0,0,0,0,0,0,0,0,0,0,0,0,0,0,0,0,0,0,0,0,0,0,0,0,0,0,0,0,0
ArthCOI,ESV_067291,AGCGTGAGCTGCTATAGTAGGAACAGCTATAAGAGTATTAATTCGAATGGAATTAGGACAGTTGGGGAGATTTTTAGGAAATGATCATATATATAATGTTATTGTTACTGCTCATGCATTTGTTATAATTTTTTTTATAGTTATACCTATTTTAATT,Eukaryota,Arthropoda,Arachnida,Araneae,,,,93,4,0,0,0,0,0,0,0,0,0,0,0,0,0,0,0,0,0,0,0,0,0,0,0,0,0,0,0,0,0,0,0,0,0,0,0,0,0,0,0,12,0,0,0,0,0,0,0,0,0,0,0,0,0,0,0,0,0,0,0,0,0,0,0,0,0,0,0,0,0,0,0,0,0,0,0,0,0,0,0,0,0,0,0,0,0,0,0,0,0,0,0,0,0,0,0,0,0,0,0,0,0,0,0,0,0,0,0,0,0,0,0,0,0,0,0
ArthCOI,ESV_069320,TATTTGAGCAGGAATAGTAGGAACTTCTTTAAGTTTATTAATTCGAGCTGAATTAGGAAACCCTGGATCATTAATTGGTGATGATCAAATTTATAATACTATTGTTACAGCTCATGCTTTTATTGTAATTTTTTTTATAGTTATACCTATTATAATT,Eukaryota,Arthropoda,Insecta,Lepidoptera,Erebidae,Melipotis,,99.4,2,0,0,0,0,0,0,0,0,0,0,0,0,0,0,0,0,0,0,0,0,0,0,0,0,12,0,0,0,0,0,0,0,0,0,0,0,0,0,0,0,0,0,0,0,0,0,0,0,0,0,0,0,0,0,0,0,0,0,0,0,0,0,0,0,0,0,0,0,0,0,0,0,0,0,0,0,0,0,0,0,0,0,0,0,0,0,0,0,0,0,0,0,0,0,0,0,0,0,0,0,0,0,0,0,0,0,0,0,0,0,0,0,0,0,0
ArthCOI,ESV_069367,AATTTGAGCAGGAATAGTAGGAACTTCTTTAAGATTATTAATTCGTGCAGAATTAGGAACTCCCGGATCATTAATTGGTGATGATCAAATTTATAATACTATTGTCACAGCTCATGCTTTCATTATAATTTTTTTTATAGTTATACCTATTATAATC,Eukaryota,Arthropoda,Insecta,Lepidoptera,Erebidae,Hypena,Hypena scabra,98.7,1,0,0,0,0,0,0,0,0,0,0,11,0,0,0,0,0,0,0,0,0,0,0,0,0,0,0,0,0,0,0,0,0,0,0,0,0,0,0,0,0,0,0,0,0,0,0,0,0,0,0,0,0,0,0,0,0,0,0,0,0,0,0,0,0,0,0,0,0,0,0,0,0,0,0,0,0,0,0,0,0,0,0,0,0,0,0,0,0,0,0,0,0,0,0,0,0,0,0,0,0,0,0,0,0,0,0,0,0,0,0,0,0,0,0,0
ArthCOI,ESV_069344,TATTTGAGCAGGAATAGTTGGAACTTCATTAAGATTACTAATTCGAGCTGAATTAGGAACCCCCGGATCTTTAATTGGAGATGACCAAATTTATAATACTATTGTGACAGCTCATGCATTTATTATAATTTTTTTTATAGTAATACCAATCATAATT,Eukaryota,Arthropoda,Insecta,Lepidoptera,Noctuidae,Maliattha,Maliattha synochitis,98.7,1,0,0,0,0,0,0,0,0,0,0,0,0,0,0,0,0,11,0,0,0,0,0,0,0,0,0,0,0,0,0,0,0,0,0,0,0,0,0,0,0,0,0,0,0,0,0,0,0,0,0,0,0,0,0,0,0,0,0,0,0,0,0,0,0,0,0,0,0,0,0,0,0,0,0,0,0,0,0,0,0,0,0,0,0,0,0,0,0,0,0,0,0,0,0,0,0,0,0,0,0,0,0,0,0,0,0,0,0,0,0,0,0,0,0,0
ArthCOI,ESV_069261,AGCGTGAGCAGGAATAGTAGGAACATCAATAAGAATACTTATTCGTGCTGAACTTGGTCAACCAGGATCTCTAATTGGAGATGACCAAATTTATAATGTCATTATTACAGCTCACGCATTTGTAATAATTTTTTTTTATAGTAATACCTATTATAATT,Eukaryota,Arthropoda,Insecta,Orthoptera,Acrididae,Schistocerca,,99.4,5,0,0,0,0,0,0,0,0,0,0,0,0,0,0,0,0,0,0,0,0,0,0,0,0,0,0,0,0,0,0,0,0,0,0,0,0,0,0,0,0,0,11,0,0,0,0,0,0,0,0,0,0,0,0,0,0,0,0,0,0,0,0,0,0,0,0,0,0,0,0,0,0,0,0,0,0,0,0,0,0,0,0,0,0,0,0,0,0,0,0,0,0,0,0,0,0,0,0,0,0,0,0,0,0,0,0,0,0,0,0,0,0,0,0,0
ArthCOI,ESV_069254,AGCTTGATCAGCTATAGCTGGTACAGCAATAAGAGTTTTGATTCGAATGGAGTTAGGTCAAGTTGGATCTTTTTTAGGAGATGATCAATTATATAATGTTGTAGTAACTGCTCATGCTTTTGTTATAATTTTTCTTATAGTAATACCAATTTTAATT,Eukaryota,Arthropoda,Arachnida,Araneae,Cheiracanthiidae,Cheiracanthium,Cheiracanthium sp. BOLD:ABA9049,98.1,1,0,0,0,0,0,0,0,0,0,0,0,0,0,0,0,0,0,0,0,0,0,0,0,0,0,0,0,0,0,0,0,0,0,0,0,0,0,0,0,0,0,0,0,0,11,0,0,0,0,0,0,0,0,0,0,0,0,0,0,0,0,0,0,0,0,0,0,0,0,0,0,0,0,0,0,0,0,0,0,0,0,0,0,0,0,0,0,0,0,0,0,0,0,0,0,0,0,0,0,0,0,0,0,0,0,0,0,0,0,0,0,0,0,0,0
ArthCOI,ESV_069260,AGCATGGGCCGGAATAGTCGGTACATCACTAAGTTTGCTTATTCGGGCAGAATTAGGACAACCTGGGTATCTTATTGGAGACGACCAAATTTATAATGTAATCGTAACTGCCCATGCCTTCGTAATAATTTTTTTTATAGTAATACCTATTATAATT,Eukaryota,Arthropoda,Insecta,Orthoptera,,,,98.7,1,0,0,0,0,0,0,0,0,0,0,0,0,0,0,0,0,0,0,0,0,0,0,0,0,0,0,0,0,0,0,0,0,0,0,0,0,0,0,0,0,0,0,11,0,0,0,0,0,0,0,0,0,0,0,0,0,0,0,0,0,0,0,0,0,0,0,0,0,0,0,0,0,0,0,0,0,0,0,0,0,0,0,0,0,0,0,0,0,0,0,0,0,0,0,0,0,0,0,0,0,0,0,0,0,0,0,0,0,0,0,0,0,0,0,0
ArthCOI,ESV_069372,AATATGATCAGGAATAATTGGATTATCAATAAGTATATTAATTCGAATAGAATTAGGGATACCAGGGTCCATTATTGGAAATGATCAAATTTATAACACAATTGTAACTGCCCATGCATTCGTAATAATTTTTTTTATAGTTATACCTATTATAATC,Eukaryota,Arthropoda,Insecta,Phasmatodea,Heteronemiidae,,,96.2,1,0,0,0,0,0,0,10,0,0,0,0,0,0,0,0,0,0,0,0,0,0,0,0,0,0,0,0,0,0,0,0,0,0,0,0,0,0,0,0,0,0,0,0,0,0,0,0,0,0,0,0,0,0,0,0,0,0,0,0,0,0,0,0,0,0,0,0,0,0,0,0,0,0,0,0,0,0,0,0,0,0,0,0,0,0,0,0,0,0,0,0,0,0,0,0,0,0,0,0,0,0,0,0,0,0,0,0,0,0,0,0,0,0,0,0
ArthCOI,ESV_069345,AATTTGAGCAGGAATAGTAGGAACTTCTTTAAGTTTATTAATTCGAGCAGAATTAGGAAATCCAGGTTCATTAATTGGGGATGATCAAATTTATAATACAATTGTTACAGCTCATGCATTTATTATAATTTTCTTTATAGTAATACCAATCATAATT,Eukaryota,Arthropoda,Insecta,Lepidoptera,,,,97.5,18,0,0,0,0,0,0,0,0,0,0,0,0,0,0,0,0,10,0,0,0,0,0,0,0,0,0,0,0,0,0,0,0,0,0,0,0,0,0,0,0,0,0,0,0,0,0,0,0,0,0,0,0,0,0,0,0,0,0,0,0,0,0,0,0,0,0,0,0,0,0,0,0,0,0,0,0,0,0,0,0,0,0,0,0,0,0,0,0,0,0,0,0,0,0,0,0,0,0,0,0,0,0,0,0,0,0,0,0,0,0,0,0,0,0,0
ArthCOI,ESV_069317,AATTTGAGCAGGAATAGTAGGAACTTCTTTAAGTTTATTAATCCGAACTGAATTAGGTAATCCTGGTTCCTTAATTGGAGATGATCAAATTTATAATACTATTGTAACAGCTCATGCTTTTATTATAATTTTTTTTATAGTTATACCTATTATAATT,Eukaryota,Arthropoda,Insecta,Lepidoptera,Hesperiidae,Erynnis,,98.7,2,0,0,0,0,0,0,0,0,0,0,0,0,0,0,0,0,0,0,0,0,0,0,0,0,0,10,0,0,0,0,0,0,0,0,0,0,0,0,0,0,0,0,0,0,0,0,0,0,0,0,0,0,0,0,0,0,0,0,0,0,0,0,0,0,0,0,0,0,0,0,0,0,0,0,0,0,0,0,0,0,0,0,0,0,0,0,0,0,0,0,0,0,0,0,0,0,0,0,0,0,0,0,0,0,0,0,0,0,0,0,0,0,0,0,0
ArthCOI,ESV_069283,TATTTGAGCAGGAATAGTAGGAACTTCTTTAAGTTTGTTAATTCGAGCTGAATTAGGAAACCCTGGATCATTAATTGGCGATGATCAAATTTATAATACTATTGTTACAGCTCATGCTTTTATTATAATTTTTTTTATAGTTATACCTATTATAATC,Eukaryota,Arthropoda,Insecta,Lepidoptera,Erebidae,Melipotis,,98.7,2,0,0,0,0,0,0,0,0,0,0,0,0,0,0,0,0,0,0,0,0,0,0,0,0,0,0,0,0,0,0,0,10,0,0,0,0,0,0,0,0,0,0,0,0,0,0,0,0,0,0,0,0,0,0,0,0,0,0,0,0,0,0,0,0,0,0,0,0,0,0,0,0,0,0,0,0,0,0,0,0,0,0,0,0,0,0,0,0,0,0,0,0,0,0,0,0,0,0,0,0,0,0,0,0,0,0,0,0,0,0,0,0,0,0,0
ArthCOI,ESV_069271,TGCTTGAGCTGCAATAGTTGGTACTGCAATGAGTGTATTAATTCGAATAGAATTAGGTCAGACTGGTTCATTTATAGGAAATGATCGTATATATAATGTGATTGTAACTGCTCATGCTTTTGTTATGATTTTTTTTATAGTTATACCTATTATAATT,Eukaryota,Arthropoda,Arachnida,Araneae,Salticidae,Phidippus,Phidippus johnsoni,95.5,1,0,0,0,0,0,0,0,0,0,0,0,0,0,0,0,0,0,0,0,0,0,0,0,0,0,0,0,0,0,0,0,0,0,0,0,0,0,0,0,10,0,0,0,0,0,0,0,0,0,0,0,0,0,0,0,0,0,0,0,0,0,0,0,0,0,0,0,0,0,0,0,0,0,0,0,0,0,0,0,0,0,0,0,0,0,0,0,0,0,0,0,0,0,0,0,0,0,0,0,0,0,0,0,0,0,0,0,0,0,0,0,0,0,0,0
ArthCOI,ESV_013228,AGCATGAGCTGGAATAGTAGGAACTTCTATAAGAATAATTATTCGAGCAGAACTAGGTCAACCAGGATCTTTAATTGGAGATGACCAAATCTATAATGTAATTATTACAGCTCACGCATTTGTAATAATTTTCTTTATAGTAATACCTATTATAATT,Eukaryota,Arthropoda,Insecta,Orthoptera,Acrididae,Melanoplus,,100,19,0,0,0,0,0,0,0,0,0,0,9,0,0,0,0,0,0,0,0,0,0,0,0,0,0,0,0,0,0,0,0,0,0,0,0,0,0,0,0,0,0,0,0,0,0,0,0,0,0,0,0,0,0,0,0,0,0,0,0,0,0,0,0,0,0,0,0,0,0,0,0,0,0,0,0,0,0,0,0,0,0,0,0,0,0,0,0,0,0,0,0,0,0,0,0,0,0,0,0,0,0,0,0,0,0,0,0,0,0,0,0,0,0,0,0
ArthCOI,ESV_069398,AATATGATCAGGAATAATTGGATTATCAATAAGTATATTAATTCGAATAGAATTAGGAATACCAGGGTCCATTATTGGAAATGATCAAATTTATAATACAATCGTAACTGCTCATGCATTCGTAATAATTTTTTTTATAGTTATACCTATTATAATT,Eukaryota,Arthropoda,Insecta,Phasmatodea,Heteronemiidae,,,98.1,1,0,0,0,9,0,0,0,0,0,0,0,0,0,0,0,0,0,0,0,0,0,0,0,0,0,0,0,0,0,0,0,0,0,0,0,0,0,0,0,0,0,0,0,0,0,0,0,0,0,0,0,0,0,0,0,0,0,0,0,0,0,0,0,0,0,0,0,0,0,0,0,0,0,0,0,0,0,0,0,0,0,0,0,0,0,0,0,0,0,0,0,0,0,0,0,0,0,0,0,0,0,0,0,0,0,0,0,0,0,0,0,0,0,0,0
ArthCOI,ESV_069400,TGTATTTTCAGGGTTAATTGTACAGCATTATCATTGATTATTAGATTAGAATTAGCTTATCCAGTGATCAAATTTTAGGTGGAAATTATCAGTTGTATAATGTTGTTATAACTGCGCATGTTTAATTATGATCTTTTTTATGGTTATGCCTGCAATGATA,Eukaryota,unk_phylum,unk_class,unk_order,Apusomonadidae,Thecamonas,Thecamonas trahens,79.1,1,0,9,0,0,0,0,0,0,0,0,0,0,0,0,0,0,0,0,0,0,0,0,0,0,0,0,0,0,0,0,0,0,0,0,0,0,0,0,0,0,0,0,0,0,0,0,0,0,0,0,0,0,0,0,0,0,0,0,0,0,0,0,0,0,0,0,0,0,0,0,0,0,0,0,0,0,0,0,0,0,0,0,0,0,0,0,0,0,0,0,0,0,0,0,0,0,0,0,0,0,0,0,0,0,0,0,0,0,0,0,0,0,0,0,0
ArthCOI,ESV_069346,TATTTGAGCAGGAATAGTTGGAACTTCATTAAGATTACTAATTCGAGCTGAATTAGGAACCCCCGGATCTTTAATTGGAGATGACCAAATTTATAATACTATTGTAACAGCTCATGCATTTATTATAATTTTTTTTATAGTAATACCAATCATAATT,Eukaryota,Arthropoda,Insecta,Lepidoptera,Noctuidae,Maliattha,,98.7,2,0,0,0,0,0,0,0,0,0,0,0,0,0,0,0,0,9,0,0,0,0,0,0,0,0,0,0,0,0,0,0,0,0,0,0,0,0,0,0,0,0,0,0,0,0,0,0,0,0,0,0,0,0,0,0,0,0,0,0,0,0,0,0,0,0,0,0,0,0,0,0,0,0,0,0,0,0,0,0,0,0,0,0,0,0,0,0,0,0,0,0,0,0,0,0,0,0,0,0,0,0,0,0,0,0,0,0,0,0,0,0,0,0,0,0
ArthCOI,ESV_069358,TATTTGATCAGGATTAGTAGGTACAAGTCTAAGTTTATTAATTCGAGCTGAATTAGGTCAACCAGGGTCTTTAATTGGTGATGATCAAATTTATAATGTAATTGTTACAGCTCATGCTTTTATTATAATTTTTTTCATAGTAATACCAATTATAATT,Eukaryota,Arthropoda,Insecta,Neuroptera,Chrysopidae,Chrysopa,Chrysopa nigricornis,98.7,1,0,0,0,0,0,0,0,0,0,0,0,0,0,0,9,0,0,0,0,0,0,0,0,0,0,0,0,0,0,0,0,0,0,0,0,0,0,0,0,0,0,0,0,0,0,0,0,0,0,0,0,0,0,0,0,0,0,0,0,0,0,0,0,0,0,0,0,0,0,0,0,0,0,0,0,0,0,0,0,0,0,0,0,0,0,0,0,0,0,0,0,0,0,0,0,0,0,0,0,0,0,0,0,0,0,0,0,0,0,0,0,0,0,0,0
ArthCOI,ESV_069300,AGCTTGATCAGCTATAGTTGGAACTGCAATAAGAGTTTTGATTCGAATAGAATTAGGACAGTCTGGTAGATTTTTAGGTGATGATCATTTATATAATGTTGTCGTTACTGCTCATGCTTTTGTTATAATTTTTTTTATAGTTATGCCAATTTTAATT,Eukaryota,Arthropoda,Arachnida,Araneae,Anyphaenidae,Hibana,Hibana gracilis,98.1,1,0,0,0,0,0,0,0,0,0,0,0,0,0,0,0,0,0,0,0,0,0,0,0,0,0,0,0,9,0,0,0,0,0,0,0,0,0,0,0,0,0,0,0,0,0,0,0,0,0,0,0,0,0,0,0,0,0,0,0,0,0,0,0,0,0,0,0,0,0,0,0,0,0,0,0,0,0,0,0,0,0,0,0,0,0,0,0,0,0,0,0,0,0,0,0,0,0,0,0,0,0,0,0,0,0,0,0,0,0,0,0,0,0,0,0
ArthCOI,ESV_069272,AGCTTGATCAGCTATAGCTGGTACAGCAATAAGAGTTTTGATTCGAATGGAGTTAGGTCAAGTTGGATCTTTTTTAGGAGATGATCAATTATATAATGTTGTAGTAACTGCTCATGCTTTTGTTATAATTTTTTTTATAGTAATACCAATTTTAATC,Eukaryota,Arthropoda,Arachnida,Araneae,Cheiracanthiidae,Cheiracanthium,Cheiracanthium sp. BOLD:ABA9049,98.1,1,0,0,0,0,0,0,0,0,0,0,0,0,0,0,0,0,0,0,0,0,0,0,0,0,0,0,0,0,0,0,0,0,0,0,0,0,0,0,0,9,0,0,0,0,0,0,0,0,0,0,0,0,0,0,0,0,0,0,0,0,0,0,0,0,0,0,0,0,0,0,0,0,0,0,0,0,0,0,0,0,0,0,0,0,0,0,0,0,0,0,0,0,0,0,0,0,0,0,0,0,0,0,0,0,0,0,0,0,0,0,0,0,0,0,0
ArthCOI,ESV_005670,AATTTGAGCAGGAATAGTAGGAACTTCTTTAAGATTATTAATTCGTGCAGAATTAGGAACTCCCGGATCATTAATTGGTGATGATCAAATTTATAATACTATTGTCACAGCTCACGCTTTCATTATAATTTTTTTTATAGTTATACCTATTATAATC,Eukaryota,Arthropoda,Insecta,Lepidoptera,Erebidae,Hypena,Hypena scabra,99.4,1,0,0,0,0,0,0,0,0,0,0,8,0,0,0,0,0,0,0,0,0,0,0,0,0,0,0,0,0,0,0,0,0,0,0,0,0,0,0,0,0,0,0,0,0,0,0,0,0,0,0,0,0,0,0,0,0,0,0,0,0,0,0,0,0,0,0,0,0,0,0,0,0,0,0,0,0,0,0,0,0,0,0,0,0,0,0,0,0,0,0,0,0,0,0,0,0,0,0,0,0,0,0,0,0,0,0,0,0,0,0,0,0,0,0,0
ArthCOI,ESV_069399,AATATGATCAGGAATAATTGGATTATCAATAAGTATATTAATTCGAATAGAATTAGGAATACCAGGATCCATTAATGGAAATGGTCAAATTTATAATACAATTGTAACTGCCCGTGTATTTGTAATAACTTTTTATGGTAATACCTATTATGATT,Eukaryota,Arthropoda,Insecta,Phasmatodea,Heteronemiidae,,,91.7,1,0,0,0,8,0,0,0,0,0,0,0,0,0,0,0,0,0,0,0,0,0,0,0,0,0,0,0,0,0,0,0,0,0,0,0,0,0,0,0,0,0,0,0,0,0,0,0,0,0,0,0,0,0,0,0,0,0,0,0,0,0,0,0,0,0,0,0,0,0,0,0,0,0,0,0,0,0,0,0,0,0,0,0,0,0,0,0,0,0,0,0,0,0,0,0,0,0,0,0,0,0,0,0,0,0,0,0,0,0,0,0,0,0,0,0
ArthCOI,ESV_069380,AATATGATCAGGAATAATTGGATTATCAATAAGTATATTAATTCGAATAGAATTAGGAATACCAGGGTCCATTATTGGAAATGATCAAATTTATAACACAATTGTAACTGCCCATGCATTCGTAGTAATTCTTTTTATAGTTATACCTATTATAATT,Eukaryota,Arthropoda,Insecta,Phasmatodea,Heteronemiidae,,,96.2,1,0,0,0,0,0,8,0,0,0,0,0,0,0,0,0,0,0,0,0,0,0,0,0,0,0,0,0,0,0,0,0,0,0,0,0,0,0,0,0,0,0,0,0,0,0,0,0,0,0,0,0,0,0,0,0,0,0,0,0,0,0,0,0,0,0,0,0,0,0,0,0,0,0,0,0,0,0,0,0,0,0,0,0,0,0,0,0,0,0,0,0,0,0,0,0,0,0,0,0,0,0,0,0,0,0,0,0,0,0,0,0,0,0,0,0
ArthCOI,ESV_069379,AGCATGAGCTGGAATAGTAGGAACTTCTATAAGAATAATTATTCGAGCAGAATTAGGTCAACCAGGATCTTTGATTGGAGATGACCAAATTTACAATGTAATTATTACAGCACACGCATTTGTAATAATTTTCTTTATAGTTATACCTATTATAATC,Eukaryota,Arthropoda,Insecta,Orthoptera,Acrididae,,,98.7,3,0,0,0,0,0,8,0,0,0,0,0,0,0,0,0,0,0,0,0,0,0,0,0,0,0,0,0,0,0,0,0,0,0,0,0,0,0,0,0,0,0,0,0,0,0,0,0,0,0,0,0,0,0,0,0,0,0,0,0,0,0,0,0,0,0,0,0,0,0,0,0,0,0,0,0,0,0,0,0,0,0,0,0,0,0,0,0,0,0,0,0,0,0,0,0,0,0,0,0,0,0,0,0,0,0,0,0,0,0,0,0,0,0,0,0
ArthCOI,ESV_069359,GTTATGGGCAGGAATGTTAGGAACTTCAATAAGATGAATTATTCGAATTGAATTAAGACAACCTGGGCCATTCATTGGAAACGATCAAATTTATAATGTAATTGTAACCGCTCACGCTTTCATTATAATTTTTTTCATAGTTATACCCATTATAATT,Eukaryota,Arthropoda,Insecta,Hemiptera,Tingidae,Corythucha,,95.5,2,0,0,0,0,0,0,0,0,0,0,0,0,0,0,8,0,0,0,0,0,0,0,0,0,0,0,0,0,0,0,0,0,0,0,0,0,0,0,0,0,0,0,0,0,0,0,0,0,0,0,0,0,0,0,0,0,0,0,0,0,0,0,0,0,0,0,0,0,0,0,0,0,0,0,0,0,0,0,0,0,0,0,0,0,0,0,0,0,0,0,0,0,0,0,0,0,0,0,0,0,0,0,0,0,0,0,0,0,0,0,0,0,0,0,0
ArthCOI,ESV_069273,AGCATGAGCAGGAATAGTAGGAACATCAATAAGAATACTTATTCGTGCTGAACTTGGACAACCAGGATCTCTAATTGGAGATGACCAAATCTATAATGTTATTATTACAGCTCACGCTTTTGTAATAATTTTCTTTATAGTAATACCTATTATGATT,Eukaryota,Arthropoda,Insecta,Orthoptera,Acrididae,,,99.4,7,0,0,0,0,0,0,0,0,0,0,0,0,0,0,0,0,0,0,0,0,0,0,0,0,0,0,0,0,0,0,0,0,0,0,0,0,0,0,0,8,0,0,0,0,0,0,0,0,0,0,0,0,0,0,0,0,0,0,0,0,0,0,0,0,0,0,0,0,0,0,0,0,0,0,0,0,0,0,0,0,0,0,0,0,0,0,0,0,0,0,0,0,0,0,0,0,0,0,0,0,0,0,0,0,0,0,0,0,0,0,0,0,0,0,0
ArthCOI,ESV_026434,AGCTTGAGCTGGGATAGTAGGCACATCATTAAGTATTTTAATTCGAACAGAACTAGGACAACCAGGCTATTTAATTGGAGATGATCAAACTTATAATGTTATCGTAACCGCACATGCATTTATCATAATTTTCTTTATAGTTATACCTATTATAATC,Eukaryota,Arthropoda,Insecta,Orthoptera,Gryllidae,Gryllus,,98.7,4,0,0,0,0,0,0,0,0,0,0,0,0,0,0,0,0,0,0,0,0,0,8,0,0,0,0,0,0,0,0,0,0,0,0,0,0,0,0,0,0,0,0,0,0,0,0,0,0,0,0,0,0,0,0,0,0,0,0,0,0,0,0,0,0,0,0,0,0,0,0,0,0,0,0,0,0,0,0,0,0,0,0,0,0,0,0,0,0,0,0,0,0,0,0,0,0,0,0,0,0,0,0,0,0,0,0,0,0,0,0,0,0,0,0,0
ArthCOI,ESV_067562,AGCGTGAGCTGCTATAGTAGGAACAGCTATAAGAGTATTAATTCGAATGGAATTAGGACAGTTGGGGAGATTTTTAGGAAATGATCATATATATAATGTTATTGTTACTGCTCATGCATTTGTTATAATTTTTTTTATAGTTATACCTATTATAATT,Eukaryota,Arthropoda,Arachnida,Araneae,,,,93,2,0,0,0,0,0,0,0,0,0,0,0,0,0,0,0,0,0,0,0,0,0,0,0,0,0,0,0,0,0,0,0,0,0,0,0,0,0,0,0,8,0,0,0,0,0,0,0,0,0,0,0,0,0,0,0,0,0,0,0,0,0,0,0,0,0,0,0,0,0,0,0,0,0,0,0,0,0,0,0,0,0,0,0,0,0,0,0,0,0,0,0,0,0,0,0,0,0,0,0,0,0,0,0,0,0,0,0,0,0,0,0,0,0,0,0
ArthCOI,ESV_069274,TGCTTGAGCTGCAATAGTTGGTACCGCAATGAGTGTATTAATTCGAATAGAATTAGGTCAGACTGGTTCATTTATAGGAAATGATCATATATATAATGTGATTGTAACTGCTCATGCTTTTGTTATGATTTTTTTTATAGTAATACCTATTATAATT,Eukaryota,Arthropoda,Arachnida,Araneae,Salticidae,Phidippus,Phidippus johnsoni,96.2,1,0,0,0,0,0,0,0,0,0,0,0,0,0,0,0,0,0,0,0,0,0,0,0,0,0,0,0,0,0,0,0,0,0,0,0,0,0,0,0,8,0,0,0,0,0,0,0,0,0,0,0,0,0,0,0,0,0,0,0,0,0,0,0,0,0,0,0,0,0,0,0,0,0,0,0,0,0,0,0,0,0,0,0,0,0,0,0,0,0,0,0,0,0,0,0,0,0,0,0,0,0,0,0,0,0,0,0,0,0,0,0,0,0,0,0
